TITLE
Fast 2D microscale code review example

ANALYSIS_TYPE 2

LARGE_STRAIN_FORMULATION ON

Boundary_Type Periodic_Condition

Prescribed_Deformation_Gradient
1.100 0.000
0.000 1.000

Number_of_Increments 10

CONVERGENCE_TOLERANCE
1E-8

Micro_Arc_Length OFF

MAX_CONSECUTIVE_INCREMENT_CUTS 4

Micro_Line_Search OFF

SOLVER PARDISO

PARALLEL_SOLVER 1

VTK_OUTPUT ASCII

GAUSS_POINTS_OUTPUT 1
1 1

F_HISTORY_OUTPUT NONE

ELEMENT_GROUPS 2
1 1 1
2 1 2

ELEMENT_TYPES 1
1 TRI3 
3 GP

MATERIALS 2
1 ELASTIC
  0.000
  210E3 0.300
2 ELASTIC
  0.000
  30E3 0.33

NODE_COORDINATES 1811 CARTESIAN
1 0.03155042400757874 -1.14814407981001e-13 0.0
2 2.983724378680108e-16 0.04600839321635362 0.0
3 -5.967448757360216e-16 0.2582697335928013 0.0
4 0.0149734777068837 0.3487824244594299 0.0
5 7.771561172376096e-16 0.3541126452833447 0.0
6 5.906733435701028e-16 0.4383115941967124 0.0
7 -2.685351940812097e-15 0.5300193310429081 0.0
8 2.0643209364124e-16 0.8645512995824336 0.0
9 0.06111721825552834 0.9071710864152569 0.0
10 1.682681771697503e-16 0.9497908732480802 0.0
11 -1.536964999715451e-15 0.969808871892392 0.0
12 0.02937790822936748 0.986512016836941 0.0
13 0.03155042400757834 0.9999999999998872 0.0
14 0.242295870853821 0.9999999999999979 0.0
15 0.3029237278801351 0.9345702850712974 0.0
16 0.331039069140037 0.9999999999999989 0.0
17 0.3477769276911149 1.000000000000001 0.0
18 0.3856442627594669 0.9586236541128373 0.0
19 0.423511597827819 1.000000000000001 0.0
20 0.446089633295653 0.9999999999999979 0.0
21 0.4238073595413843 0.862797468726954 0.0
22 0.5179383392941592 0.9999999999999988 0.0
23 0.5635195971971931 0.9999999999999998 0.0
24 0.5332693493289824 0.9663474847886898 0.0
25 0.6830191014607704 1.0 0.0
26 0.9033463151934575 0.9999999999998859 0.0
27 0.9999999999999984 0.969808871892392 0.0
28 1.0 0.9497908732480802 0.0
29 1.0 0.8645512995824336 0.0
30 0.9999999999999973 0.5300193310429082 0.0
31 0.9136517740770048 0.4643743565680152 0.0
32 1.000000000000001 0.4383115941967125 0.0
33 1.000000000000001 0.3541126452833447 0.0
34 0.9999999999999994 0.2582697335928012 0.0
35 1.0 0.04600839321635368 0.0
36 0.9033463151934574 -1.140719463332829e-13 0.0
37 0.6830191014607702 9.367506770274758e-17 0.0
38 0.5635195971971935 -2.081668171172169e-16 0.0
39 0.5179383392941591 -1.242062008799394e-15 0.0
40 0.446089633295653 -2.157996004115148e-15 0.0
41 0.4235115978278189 1.183081410616182e-15 0.0
42 0.3477769276911148 1.200428645375951e-15 0.0
43 0.3310390691400371 -1.094610513341365e-15 0.0
44 0.242295870853821 -2.09728068245596e-15 0.0
45 0.2612358721223677 0.265970449545861 0.0
46 0.3190267322497111 0.2864069427348059 0.0
47 0.4543571023704579 0.168216655505136 0.0
48 0.1863118831714786 0.2857936104242364 0.0
49 0.2571948336251593 0.4800545952794143 0.0
50 0.295518069799928 0.4926124652155661 0.0
51 0.3912714701827287 0.3548619730390413 0.0
52 0.614033625148583 0.139998080715197 0.0
53 0.6285752267362824 0.2466557955331749 0.0
54 0.5788769168009673 0.3415276576310796 0.0
55 0.7923661311704255 0.189924321376848 0.0
56 0.7052906602636348 0.2182181001317292 0.0
57 0.7866434706469899 0.3317038343789521 0.0
58 0.762441820321387 0.4419947188174075 0.0
59 0.2718201397473737 0.5628675775471813 0.0
60 0.4535978601357056 0.6082387898051453 0.0
61 0.2648981813207971 0.6026765272493759 0.0
62 0.4343083103352828 0.8392820558466628 0.0
63 0.3180603904694019 0.7586417920020457 0.0
64 0.7716907718210564 0.585348649073436 0.0
65 0.8992867949638788 0.6253906255986947 0.0
66 0.6365184258832055 0.863117664089476 0.0
67 0.0 0.0 0.0
68 0.0 1.0 0.0
69 1.0 0.0 0.0
70 1.0 1.0 0.0
71 0.02007225252047923 0.02578273109403655 0.0
72 0.0 0.2317370660457453 0.0
73 0.0 0.2052043984986893 0.0
74 0.0 0.1786717309516335 0.0
75 0.0 0.1521390634045775 0.0
76 0.0 0.1256063958575215 0.0
77 0.0 0.09907372831046557 0.0
78 0.0 0.0725410607634096 0.0
79 0.01284013669964684 0.2794286491536023 0.0
80 0.02195542108387871 0.3024215567617909 0.0
81 0.02495934443104457 0.3268910703132029 0.0
82 0.0 0.4102452778922565 0.0
83 0.0 0.3821789615878005 0.0
84 0.02680691368237322 0.4447752870269479 0.0
85 0.05221040035757486 0.4554807120003363 0.0
86 0.07475635764568139 0.4712665196118497 0.0
87 0.08919410165983245 0.4942959511763768 0.0
88 0.07981707254169562 0.5187415237145558 0.0
89 0.05485866869685484 0.5299367365615701 0.0
90 0.02744769956046871 0.5326223289178169 0.0
91 0.0 0.8366736355374731 0.0
92 0.0 0.8087959714925126 0.0
93 0.0 0.7809183074475522 0.0
94 0.0 0.7530406434025918 0.0
95 0.0 0.7251629793576313 0.0
96 0.0 0.6972853153126706 0.0
97 0.0 0.6694076512677101 0.0
98 0.0 0.6415299872227496 0.0
99 0.0 0.6136523231777891 0.0
100 0.0 0.5857746591328288 0.0
101 0.0 0.5578969950878684 0.0
102 0.02572164219509868 0.8713997400391849 0.0
103 0.04881655398171138 0.8844619845631916 0.0
104 0.04881655398171146 0.9298801882673221 0.0
105 0.02572164219509877 0.9429424327913288 0.0
106 0.01689524843869727 0.9745259685525602 0.0
107 0.2159526899980406 1.0 0.0
108 0.1896095091422602 1.0 0.0
109 0.1632663282864798 1.0 0.0
110 0.1369231474306994 1.0 0.0
111 0.1105799665749192 1.0 0.0
112 0.08423678571913884 1.0 0.0
113 0.05789360486335859 1.0 0.0
114 0.2509257370714154 0.9775574787028389 0.0
115 0.2631583920310603 0.9568760845864083 0.0
116 0.2801677982977078 0.9400162672498795 0.0
117 0.3217496245196946 0.9505472676289936 0.0
118 0.3295559461364576 0.9746375903956 0.0
119 0.3609459925696856 0.9733908035850909 0.0
120 0.4103425329492483 0.9733908035850909 0.0
121 0.4310859012198588 0.9794658452723283 0.0
122 0.4193378530144042 0.9569027462512049 0.0
123 0.4109671246821913 0.9328835974535146 0.0
124 0.4067604140863915 0.9078143840122185 0.0
125 0.4090047799984303 0.8825764822456935 0.0
126 0.4496791627811307 0.8640597351452078 0.0
127 0.4715121054187568 0.8792792129598831 0.0
128 0.4888654150766809 0.8995696546731398 0.0
129 0.5025101441767367 0.9225374079099359 0.0
130 0.5125402043632872 0.9472990280128093 0.0
131 0.5183448846104226 0.9733637837768819 0.0
132 0.5407289682456762 1.0 0.0
133 0.5435059756003762 0.987190974248415 0.0
134 0.5477966942291363 0.9418328038190152 0.0
135 0.5740709893577344 0.9286661851291123 0.0
136 0.6029008419444326 0.9225150655452646 0.0
137 0.6323794226629997 0.9215786156834488 0.0
138 0.66158751419566 0.9256298036131546 0.0
139 0.6892416856457461 0.9357384549081634 0.0
140 0.7106015679959287 0.9554722424614049 0.0
141 0.7068528328596769 0.9830343155308807 0.0
142 0.8758054134768716 1.0 0.0
143 0.8482645117602856 1.0 0.0
144 0.8207236100436996 1.0 0.0
145 0.7931827083271137 1.0 0.0
146 0.7656418066105277 1.0 0.0
147 0.738100904893942 1.0 0.0
148 0.7105600031773562 1.0 0.0
149 0.925429696152485 0.9866673231396641 0.0
150 0.9492191895034371 0.9766891981260903 0.0
151 0.9742659683220041 0.9705504765568517 0.0
152 0.9725297489390778 0.9521655437324311 0.0
153 0.9450238355169456 0.950238287906815 0.0
154 0.9182779623847076 0.9435991423578197 0.0
155 0.8941388672708935 0.930485960850295 0.0
156 0.8811172182555284 0.9071710864152567 0.0
157 0.8941388672708938 0.8838562119802186 0.0
158 0.918277962384708 0.870743030472694 0.0
159 0.9450238355169458 0.8641038849236988 0.0
160 0.9725297489390778 0.8621766290980827 0.0
161 1.0 0.5578969950878687 0.0
162 1.0 0.5857746591328292 0.0
163 1.0 0.6136523231777896 0.0
164 1.0 0.6415299872227501 0.0
165 1.0 0.6694076512677106 0.0
166 1.0 0.6972853153126711 0.0
167 1.0 0.7251629793576317 0.0
168 1.0 0.7530406434025922 0.0
169 1.0 0.7809183074475526 0.0
170 1.0 0.808795971492513 0.0
171 1.0 0.8366736355374733 0.0
172 0.9715577734238987 0.5225221126567166 0.0
173 0.9449084543135298 0.510107840986667 0.0
174 0.9223089779591287 0.4914453611388108 0.0
175 0.9286701717252908 0.446094617412904 0.0
176 0.9515455825370385 0.4381224547138075 0.0
177 0.9757725451501076 0.4361844934998825 0.0
178 1.0 0.3821789615878006 0.0
179 1.0 0.4102452778922567 0.0
180 0.9719841939617552 0.3472146075598249 0.0
181 0.9477176954126931 0.3311737766216565 0.0
182 0.9270862203860624 0.3106212139756637 0.0
183 0.9101327624305212 0.2869393892212561 0.0
184 0.8977067623430522 0.2606175573929949 0.0
185 0.8926525502170177 0.2320585356346038 0.0
186 0.9045862526884006 0.2067304099071116 0.0
187 0.9328047417558576 0.2046094033713368 0.0
188 0.9589167812412887 0.2173070714668797 0.0
189 0.9812490256673506 0.2359833278232676 0.0
190 1.0 0.07254106076340958 0.0
191 1.0 0.09907372831046542 0.0
192 1.0 0.1256063958575213 0.0
193 1.0 0.1521390634045771 0.0
194 1.0 0.1786717309516331 0.0
195 1.0 0.2052043984986891 0.0
196 1.0 0.2317370660457451 0.0
197 0.976450042391368 0.06165541884590127 0.0
198 0.9506734188885356 0.07328669918756035 0.0
199 0.9233190975582315 0.08041742126224508 0.0
200 0.895120422544686 0.0811251839046051 0.0
201 0.8701464263519345 0.06921122804545354 0.0
202 0.8670276327490039 0.0423704269698225 0.0
203 0.8820937919954187 0.01862076736125869 0.0
204 0.7105600031773561 0.0 0.0
205 0.7381009048939422 0.0 0.0
206 0.7656418066105282 0.0 0.0
207 0.7931827083271141 0.0 0.0
208 0.8207236100437001 0.0 0.0
209 0.8482645117602858 0.0 0.0
210 0.8758054134768716 0.0 0.0
211 0.659737810145507 0.007487645719566033 0.0
212 0.6355077847227651 0.0109294898442954 0.0
213 0.6110309139351988 0.01092948984429533 0.0
214 0.5868008885124567 0.007487645719565776 0.0
215 0.5407289682456763 0.0 0.0
216 0.5075018988410647 0.02116632687625426 0.0
217 0.4850775108748498 0.02664335241790121 0.0
218 0.4635829971780807 0.01637073742034267 0.0
219 0.429460975143852 0.02812041380072326 0.0
220 0.4304554571393137 0.05685939530633906 0.0
221 0.4267230849103617 0.08536765338864585 0.0
222 0.4173413533706039 0.1125077506248605 0.0
223 0.3992128742650214 0.134434907030187 0.0
224 0.372075651253913 0.1344349070301874 0.0
225 0.3539471721483302 0.1125077506248612 0.0
226 0.3445654406085722 0.08536765338864663 0.0
227 0.3408330683796201 0.0568593953063394 0.0
228 0.3418275503750818 0.02812041380072357 0.0
229 0.3274923808748862 0.02901240224695083 0.0
230 0.319194093556698 0.05704014047994314 0.0
231 0.3059191586961992 0.08305993746120408 0.0
232 0.2860649404364002 0.104315706575549 0.0
233 0.2584568063783596 0.1085588468380115 0.0
234 0.240504583762424 0.08637481355330485 0.0
235 0.2349037127058294 0.05776286670358315 0.0
236 0.2360957525525541 0.02856645466597777 0.0
237 0.05789360486335893 0.0 0.0
238 0.08423678571913913 0.0 0.0
239 0.1105799665749193 0.0 0.0
240 0.1369231474306995 0.0 0.0
241 0.1632663282864798 0.0 0.0
242 0.1896095091422602 0.0 0.0
243 0.2159526899980406 0.0 0.0
244 0.2350551632059248 0.2760852710724244 0.0
245 0.2067085246484774 0.2703116420950633 0.0
246 0.1806455768605348 0.2575538661779643 0.0
247 0.1572260382661822 0.2403947385534596 0.0
248 0.1369678602599644 0.2196036143417358 0.0
249 0.121336554093402 0.1951852722687734 0.0
250 0.1153063628182 0.1671003962028645 0.0
251 0.1323723267372255 0.1457003543244247 0.0
252 0.1610949001185407 0.1453298832621817 0.0
253 0.188379316221816 0.1551356876640831 0.0
254 0.2131570322316612 0.1702594904746981 0.0
255 0.2350972823023221 0.1892735872358715 0.0
256 0.2533347456246904 0.211844210295796 0.0
257 0.2652713381556268 0.2381953861296213 0.0
258 0.2947952413258644 0.2722445283400329 0.0
259 0.281635406170911 0.2464824351065776 0.0
260 0.2753598548770125 0.2181512588213334 0.0
261 0.2741735575877213 0.1891425851607223 0.0
262 0.2777979456612346 0.1603410499028319 0.0
263 0.2871430142589671 0.1328954153689266 0.0
264 0.3053408917851615 0.1106701881711091 0.0
265 0.3327125727142615 0.1106701881711095 0.0
266 0.3509104502404556 0.1328954153689277 0.0
267 0.3602555188381879 0.1603410499028331 0.0
268 0.363879906911701 0.1891425851607231 0.0
269 0.3626936096224096 0.2181512588213341 0.0
270 0.3564180583285111 0.2464824351065781 0.0
271 0.3432582231735576 0.2722445283400332 0.0
272 0.4700440800031674 0.1914901998555913 0.0
273 0.4707229284448815 0.220410882314136 0.0
274 0.4640845680893683 0.248659249798617 0.0
275 0.4525669932203898 0.2753098767695512 0.0
276 0.4368050145909378 0.2996866003353554 0.0
277 0.4164771841819435 0.3203595893047373 0.0
278 0.390438298389615 0.3324880639469604 0.0
279 0.3657772660103377 0.3206119366795093 0.0
280 0.3590247095766622 0.2926919357471485 0.0
281 0.3625133082357178 0.2639096001667781 0.0
282 0.3717443652263052 0.2363877505022764 0.0
283 0.3853995739467407 0.2107665537385078 0.0
284 0.4033460869917083 0.1879639055748683 0.0
285 0.4263804421126758 0.1704629000827276 0.0
286 0.1903473492047376 0.3135686738404764 0.0
287 0.1784107566738011 0.3399198496743017 0.0
288 0.1601732933514327 0.3624904727342263 0.0
289 0.1382330432807715 0.3815045694953997 0.0
290 0.1134553272709259 0.3966283723060148 0.0
291 0.08617091116765045 0.406434176707916 0.0
292 0.05744833778633555 0.4060637056456724 0.0
293 0.04038237386731086 0.3846636637672319 0.0
294 0.0464125651425135 0.356578787701323 0.0
295 0.06204387130907619 0.3321604456283606 0.0
296 0.08230204931529375 0.3113693214166373 0.0
297 0.1057215879096463 0.2942101937921328 0.0
298 0.1317845356975888 0.2814524178750339 0.0
299 0.1601311742550361 0.275678788897673 0.0
300 0.2379954865362812 0.5005271184566518 0.0
301 0.2099509639573638 0.5076244040219493 0.0
302 0.1809336678769264 0.5074383343356261 0.0
303 0.15238832624906 0.5021398515193087 0.0
304 0.125115407831592 0.4921973898969002 0.0
305 0.1004373660491997 0.4769793934502087 0.0
306 0.08281878040261613 0.4542921963940058 0.0
307 0.08890955240691417 0.4276067806528914 0.0
308 0.1146269554598011 0.4148107402235882 0.0
309 0.1434639440267 0.4118072002359134 0.0
310 0.1723498668824442 0.4146826276634281 0.0
311 0.2003672565487845 0.4222942191586969 0.0
312 0.2265916695592036 0.4347167090865208 0.0
313 0.248779514519338 0.4532792047457747 0.0
314 0.2750455466226905 0.473413118126688 0.0
315 0.267948261057393 0.4453685955477706 0.0
316 0.2681343307437161 0.4163512994673332 0.0
317 0.2734328135600336 0.3878059578394669 0.0
318 0.2833752751824421 0.3605330394219989 0.0
319 0.2985932716291336 0.3358549976396065 0.0
320 0.3212804686853365 0.3182364119930229 0.0
321 0.3479658844264509 0.324327183997321 0.0
322 0.3607619248557541 0.3500445870502079 0.0
323 0.3637654648434289 0.3788815756171069 0.0
324 0.3608900374159142 0.407767498472851 0.0
325 0.3532784459206454 0.4357848881391914 0.0
326 0.3408559559928215 0.4620093011496104 0.0
327 0.3222934603335676 0.4841971461097448 0.0
328 0.4174521790991715 0.3447471515124779 0.0
329 0.445798817656619 0.350520780489839 0.0
330 0.4718617654445617 0.363278556406938 0.0
331 0.4952813040389142 0.3804376840314427 0.0
332 0.515539482045132 0.4012288082431664 0.0
333 0.5311707882116944 0.4256471503161289 0.0
334 0.5372009794868965 0.4537320263820376 0.0
335 0.5201350155678711 0.4751320682604775 0.0
336 0.4914124421865558 0.4755025393227206 0.0
337 0.4641280260832804 0.4656967349208191 0.0
338 0.4393503100734352 0.4505729321102041 0.0
339 0.4174100600027743 0.4315588353490307 0.0
340 0.399172596680406 0.4089882122891062 0.0
341 0.3872360041494697 0.382637036455281 0.0
342 0.5948342780597048 0.1604706038924345 0.0
343 0.5667897554807874 0.167567889457732 0.0
344 0.53777245940035 0.1673818197714088 0.0
345 0.5092271177724836 0.1620833369550914 0.0
346 0.4819541993550157 0.1521408753326828 0.0
347 0.4572761575726233 0.1369228788859913 0.0
348 0.4396575719260398 0.1142356818297884 0.0
349 0.4457483439303379 0.08755026608867396 0.0
350 0.4714657469832247 0.07475422565937076 0.0
351 0.5003027355501236 0.07175068567169607 0.0
352 0.5291886584058678 0.07462611309921072 0.0
353 0.5572060480722081 0.08223770459447957 0.0
354 0.5834304610826272 0.09466019452230351 0.0
355 0.6056183060427617 0.1132226901815573 0.0
356 0.6128882491035729 0.2233822511827196 0.0
357 0.6122094006618588 0.1944615687241749 0.0
358 0.6188477610173719 0.1662132012396939 0.0
359 0.6303653358863505 0.1395625742687597 0.0
360 0.6461273145158024 0.1151858507029556 0.0
361 0.6664551449247967 0.09451286173357366 0.0
362 0.6924940307171253 0.08238438709135053 0.0
363 0.7171550630964026 0.09426051435880164 0.0
364 0.723907619530078 0.1221805152911624 0.0
365 0.7204190208710225 0.1509628508715329 0.0
366 0.711187963880435 0.1784847005360346 0.0
367 0.6975327551599996 0.2041058972998032 0.0
368 0.6795862421150319 0.2269085454634426 0.0
369 0.6565518869940644 0.2444095509555833 0.0
370 0.5509002565431849 0.3392814130534879 0.0
371 0.5278659014222173 0.321780407561347 0.0
372 0.5099193883772497 0.2989777593977073 0.0
373 0.4962641796568142 0.2733565626339385 0.0
374 0.4870331226662268 0.2458347129694363 0.0
375 0.4835445240071716 0.2170523773890659 0.0
376 0.4902970804408475 0.1891323764567056 0.0
377 0.5149581128201252 0.1772562491892554 0.0
378 0.5409969986124538 0.1893847238314791 0.0
379 0.5613248290214479 0.2100577128008612 0.0
380 0.5770868076508995 0.2344344363666651 0.0
381 0.5886043825198779 0.2610850633375992 0.0
382 0.5952427428753909 0.2893334308220801 0.0
383 0.5945638944336766 0.3182541132806246 0.0
384 0.7946123757480172 0.1619476611190656 0.0
385 0.8121133812401581 0.1389133059980981 0.0
386 0.8349160294037978 0.1209667929531304 0.0
387 0.8605372261675666 0.107311584232695 0.0
388 0.8880590758320688 0.09808052724210757 0.0
389 0.9168414114124391 0.09459192858305229 0.0
390 0.9447614123447995 0.1013444850167282 0.0
391 0.9566375396122497 0.1260055173960059 0.0
392 0.944509064970026 0.1520444031883345 0.0
393 0.9238360760006438 0.1723722335973286 0.0
394 0.89945935243484 0.1881342122267802 0.0
395 0.8728087254639059 0.1996517870957586 0.0
396 0.844560357979425 0.2062901474512716 0.0
397 0.8156396755208805 0.2056112990095574 0.0
398 0.7285642046140902 0.2025311224990197 0.0
399 0.7574848870726348 0.2018522740573056 0.0
400 0.785733254557116 0.2084906344128188 0.0
401 0.8123838815280501 0.2200082092817973 0.0
402 0.8367606050938543 0.2357701879112493 0.0
403 0.8574335940632362 0.2560980183202436 0.0
404 0.8695620687054593 0.2821369041125722 0.0
405 0.8576859414380081 0.3067979364918495 0.0
406 0.8297659405056474 0.3135504929255249 0.0
407 0.800983604925277 0.3100618942664693 0.0
408 0.7734617552607752 0.3008308372758819 0.0
409 0.7478405584970066 0.2871756285554464 0.0
410 0.7250379103333672 0.2692291155104788 0.0
411 0.7075369048412266 0.2461947603895113 0.0
412 0.7782281515411684 0.358479224912592 0.0
413 0.7560403065810337 0.3770417205718458 0.0
414 0.7298158935706145 0.3894642104996697 0.0
415 0.701798503904274 0.3970758019949385 0.0
416 0.6729125810485294 0.399951229422453 0.0
417 0.6440755924816305 0.396947689434778 0.0
418 0.6183581894287441 0.3841516490054744 0.0
419 0.6122674174244471 0.3574662332643598 0.0
420 0.6298860030710313 0.334779036208157 0.0
421 0.6545640448534238 0.3195610397614657 0.0
422 0.6818369632708914 0.3096185781390575 0.0
423 0.7103823048987576 0.3043200953227402 0.0
424 0.7393996009791949 0.3041340256364171 0.0
425 0.7674441235581121 0.3112313112017148 0.0
426 0.7584063542881281 0.4142196554011676 0.0
427 0.7703429468190645 0.3878684795673422 0.0
428 0.788580410141433 0.3652978565074176 0.0
429 0.8105206602120941 0.3462837597462442 0.0
430 0.8352983762219398 0.3311599569356291 0.0
431 0.8625827923252152 0.321354152533728 0.0
432 0.8913053657065301 0.3217246235959715 0.0
433 0.9083713296255548 0.3431246654744119 0.0
434 0.9023411383503521 0.3712095415403209 0.0
435 0.8867098321837895 0.3956278836132833 0.0
436 0.866451654177572 0.4164190078250066 0.0
437 0.8430321155832194 0.4335781354495111 0.0
438 0.8169691677952768 0.4463359113666099 0.0
439 0.7886225292378295 0.4521095403439709 0.0
440 0.2576577253526007 0.587099068471028 0.0
441 0.2318956321191455 0.6002589036259814 0.0
442 0.2035644558339013 0.6065344549198799 0.0
443 0.1745557821732902 0.6077207522091711 0.0
444 0.1457542469153997 0.6040963641356578 0.0
445 0.1183086123814945 0.5947512955379253 0.0
446 0.09608338518367691 0.576553418011731 0.0
447 0.09608338518367739 0.549181737082631 0.0
448 0.1183086123814956 0.5309838595564368 0.0
449 0.145754246915401 0.5216387909587045 0.0
450 0.174555782173291 0.5180144028851915 0.0
451 0.203564455833902 0.5192007001744828 0.0
452 0.2318956321191459 0.5254762514683814 0.0
453 0.257657725352601 0.5386360866233348 0.0
454 0.4303243157852503 0.6239257674378549 0.0
455 0.4014036333267056 0.624604615879569 0.0
456 0.3731552658422246 0.6179662555240558 0.0
457 0.3465046388712904 0.6064486806550773 0.0
458 0.3221279153054863 0.5906867020256253 0.0
459 0.3014549263361044 0.570358871616631 0.0
460 0.2893264516938813 0.5443199858243024 0.0
461 0.3012025789613324 0.5196589534450251 0.0
462 0.3291225798936931 0.5129063970113497 0.0
463 0.3579049154740636 0.5163949956704053 0.0
464 0.3854267651385653 0.5256260526609927 0.0
465 0.4110479619023339 0.5392812613814282 0.0
466 0.4338506100659734 0.5572277744263958 0.0
467 0.451351615558114 0.5802621295473633 0.0
468 0.292673244737037 0.598641061216117 0.0
469 0.3190244205708624 0.6105776537470535 0.0
470 0.341595043630787 0.628815117069422 0.0
471 0.3606091403919604 0.6507553671400831 0.0
472 0.3757329432025755 0.6755330831499288 0.0
473 0.3855387476044767 0.7028174992532041 0.0
474 0.3851682765422331 0.731540072634519 0.0
475 0.3637682346637926 0.7486060365535437 0.0
476 0.3356833585978836 0.7425758452783411 0.0
477 0.3112650165249213 0.7269445391117785 0.0
478 0.290473892313198 0.7066863611055609 0.0
479 0.2733147646886934 0.6832668225112084 0.0
480 0.2605569887715946 0.6572038747232658 0.0
481 0.2547833597942336 0.6288572361658185 0.0
482 0.4241934888087194 0.81310134693022 0.0
483 0.4299671177860805 0.7847547083727725 0.0
484 0.4427248937031795 0.7586917605848299 0.0
485 0.4598840213276842 0.7352722219904773 0.0
486 0.4806751455394079 0.7150140439842595 0.0
487 0.5050934876123704 0.6993827378176971 0.0
488 0.5331783636782792 0.6933525465424951 0.0
489 0.5545784055567191 0.7104185104615205 0.0
490 0.5549488766189621 0.7391410838428357 0.0
491 0.5451430722170606 0.7664254999461112 0.0
492 0.5300192694064456 0.7912032159559563 0.0
493 0.5110051726452722 0.8131434660266172 0.0
494 0.4884345495853477 0.8313809293489856 0.0
495 0.4620833737515224 0.8433175218799218 0.0
496 0.3448357810030419 0.7670571111078672 0.0
497 0.3633982766622957 0.7892449560680018 0.0
498 0.3758207665901196 0.8154693690784212 0.0
499 0.3834323580853883 0.8434867587447616 0.0
500 0.3863077855129029 0.8723726816005063 0.0
501 0.3833042455252278 0.9012096701674052 0.0
502 0.3705082050959243 0.9269270732202914 0.0
503 0.3438227893548096 0.9330178452245886 0.0
504 0.3211355922986069 0.9153992595780044 0.0
505 0.3059175958519155 0.8907212177956119 0.0
506 0.2959751342295074 0.8634482993781443 0.0
507 0.29067665141319 0.834902957750278 0.0
508 0.290490581726867 0.8058856616698408 0.0
509 0.2975878672921646 0.7778411390909236 0.0
510 0.7801060909268779 0.558573258539796 0.0
511 0.8022939358870125 0.5400107628805422 0.0
512 0.8285183488974318 0.5275882729527184 0.0
513 0.8565357385637723 0.5199766814574496 0.0
514 0.885421661419517 0.517101254029935 0.0
515 0.9142586499864158 0.52010479401761 0.0
516 0.9399760530393022 0.5329008344469136 0.0
517 0.9460668250435993 0.5595862501880283 0.0
518 0.928448239397015 0.582273447244231 0.0
519 0.9037701976146225 0.5974914436909223 0.0
520 0.8764972791971548 0.6074339053133305 0.0
521 0.8479519375692887 0.6127323881296479 0.0
522 0.8189346414888514 0.6129184578159709 0.0
523 0.7908901189099342 0.6058211722506732 0.0
524 0.9094016164904422 0.6515713345151376 0.0
525 0.903627987513081 0.6799179730725851 0.0
526 0.8908702115959821 0.7059809208605277 0.0
527 0.8737110839714775 0.7294004594548803 0.0
528 0.8529199597597537 0.7496586374610981 0.0
529 0.8285016176867912 0.7652899436276605 0.0
530 0.8004167416208824 0.7713201349028624 0.0
531 0.7790166997424426 0.7542541709838371 0.0
532 0.7786462286801995 0.7255315976025218 0.0
533 0.788452033082101 0.6982471814992464 0.0
534 0.803575835892716 0.6734694654894012 0.0
535 0.8225899326538894 0.6515292154187403 0.0
536 0.8451605557138139 0.633291752096372 0.0
537 0.8715117315476392 0.6213551595654357 0.0
538 0.6097430353495655 0.8547023449836545 0.0
539 0.5911805396903117 0.8325145000235199 0.0
540 0.5787580497624878 0.8062900870131006 0.0
541 0.5711464582672191 0.7782726973467601 0.0
542 0.5682710308397045 0.7493867744910154 0.0
543 0.5712745708273795 0.7205497859241166 0.0
544 0.5840706112566831 0.6948323828712303 0.0
545 0.6107560269977977 0.6887416108669331 0.0
546 0.6334432240540006 0.7063601965135173 0.0
547 0.6486612205006919 0.7310382382959099 0.0
548 0.6586036821231 0.7583111567133776 0.0
549 0.6639021649394174 0.7868564983412438 0.0
550 0.6640882346257404 0.815873794421681 0.0
551 0.6569909490604428 0.8439183170005982 0.0
552 0.0 0.02300419660817687 0.0
553 0.01577521200378942 0.0 0.0
554 0.2718769369492263 0.0 0.0
555 0.3014580030446317 0.0 0.0
556 0.0 0.3301519173607089 0.0
557 0.0 0.306191189438073 0.0
558 0.0 0.2822304615154372 0.0
559 0.3730218177366829 0.0 0.0
560 0.3982667077822509 0.0 0.0
561 0.0 0.5070923968313592 0.0
562 0.0 0.4841654626198103 0.0
563 0.0 0.4612385284082614 0.0
564 0.4700392019618217 0.0 0.0
565 0.4939887706279904 0.0 0.0
566 0.0 0.921377682026198 0.0
567 0.0 0.8929644908043157 0.0
568 0.5933944732630876 0.0 0.0
569 0.6232693493289817 0.0 0.0
570 0.6531442253948759 0.0 0.0
571 0.01577521200378917 1.0 0.0
572 1.0 0.02300419660817684 0.0
573 0.927509736395093 0.0 0.0
574 0.9516731575967287 0.0 0.0
575 0.9758365787983644 0.0 0.0
576 0.3014580030446317 1.0 0.0
577 0.2718769369492264 1.0 0.0
578 1.0 0.2822304615154371 0.0
579 1.0 0.306191189438073 0.0
580 1.0 0.3301519173607089 0.0
581 0.3982667077822509 1.0 0.0
582 0.3730218177366829 1.0 0.0
583 1.0 0.4612385284082614 0.0
584 1.0 0.4841654626198103 0.0
585 1.0 0.5070923968313592 0.0
586 0.4939887706279905 1.0 0.0
587 0.4700392019618217 1.0 0.0
588 1.0 0.8929644908043158 0.0
589 1.0 0.9213776820261981 0.0
590 0.653144225394876 1.0 0.0
591 0.6232693493289816 1.0 0.0
592 0.5933944732630874 1.0 0.0
593 0.9758365787983644 1.0 0.0
594 0.9516731575967288 1.0 0.0
595 0.9275097363950932 1.0 0.0
596 0.1878370479801043 0.5797218565228913 0.0
597 0.1414923369411928 0.5494463141710685 0.0
598 0.2331366340378797 0.5513609582637871 0.0
599 0.1879320486712572 0.5450210138025879 0.0
600 0.1417882946440239 0.5771517925972341 0.0
601 0.1184402018571663 0.5629703098893168 0.0
602 0.1645588415413174 0.563784111773818 0.0
603 0.2108464640505833 0.5630951635101648 0.0
604 0.1628586512484919 0.5395809267182741 0.0
605 0.2355480115633786 0.5767244599211115 0.0
606 0.1628988426508271 0.5864949754477545 0.0
607 0.213756843779631 0.540275614715378 0.0
608 0.2139383223094226 0.5852669677000057 0.0
609 0.2511640472107667 0.5633376301652886 0.0
610 0.1814928183938844 0.4401637645920121 0.0
611 0.1316345686998717 0.4381671023194874 0.0
612 0.21723919458341 0.4630528086490026 0.0
613 0.1477044737476065 0.4769907136347506 0.0
614 0.1972045459885847 0.4843390456567283 0.0
615 0.1071872768117535 0.446827090095616 0.0
616 0.171793065315334 0.4829464317635854 0.0
617 0.1563221019583672 0.4339316339333144 0.0
618 0.2032304425002626 0.4450135881730644 0.0
619 0.219918724773547 0.48636383244441 0.0
620 0.126483172202361 0.4639623487746974 0.0
621 0.1661989477257663 0.4598372293907032 0.0
622 0.1891610762995829 0.462003857127762 0.0
623 0.1456686528667945 0.4545778056105906 0.0
624 0.2365049456631322 0.4765470186358128 0.0
625 0.3878318120628552 0.5536288523126289 0.0
626 0.3405064972536298 0.5394617163282157 0.0
627 0.4122850397437064 0.5963527836183208 0.0
628 0.3476226563234384 0.5798268388535286 0.0
629 0.3147451214466527 0.5424645459066703 0.0
630 0.3681276451991699 0.5930073570264175 0.0
631 0.4100457707679074 0.5661177620790986 0.0
632 0.3898405506249263 0.580290841283385 0.0
633 0.3655175428912878 0.5408259329351299 0.0
634 0.4286289880659674 0.5797378394877544 0.0
635 0.3896980053369476 0.6026512335315367 0.0
636 0.3297589790789925 0.5632870968596294 0.0
637 0.369031285662839 0.5689355897479634 0.0
638 0.3504873922420375 0.5584674349448934 0.0
639 0.4354754827887468 0.5983551013432836 0.0
640 0.206083718042752 0.2004306423828937 0.0
641 0.1509734720045433 0.1952055598394911 0.0
642 0.2238176297293857 0.2508479154483788 0.0
643 0.184522371021938 0.2276200856519011 0.0
644 0.1684789443084275 0.1737290711785734 0.0
645 0.1413826604684551 0.1702593030822412 0.0
646 0.1779470620778429 0.1983775486671132 0.0
647 0.2137066303877872 0.2277760506962423 0.0
648 0.1615273607260941 0.2162403094107402 0.0
649 0.241516805217706 0.2325214006426326 0.0
650 0.1908092145764999 0.1795864880734723 0.0
651 0.2299478363150516 0.2123691782506872 0.0
652 0.2017543009293259 0.2474316844403195 0.0
653 0.2453793616862022 0.2527240845677836 0.0
654 0.009321626038377717 0.2941268045973321 0.0
655 0.01297567111694492 0.3159430681045239 0.0
656 0.9391113752153248 0.2841033149753221 0.0
657 0.9353143750540003 0.2331246461693177 0.0
658 0.979381868369401 0.2695208714206307 0.0
659 0.9767872013445067 0.3188982421492415 0.0
660 0.9553042531864581 0.2544791093224579 0.0
661 0.979249400925831 0.2942108254767551 0.0
662 0.9551460886377953 0.3035396391190129 0.0
663 0.9271966901145783 0.2600186791155908 0.0
664 0.9136576248644144 0.2427398370633269 0.0
665 0.9616385972669621 0.2811707520628357 0.0
666 0.9165263803474711 0.2233805227647866 0.0
667 0.5272528382742744 0.2731743041006893 0.0
668 0.5344219428782422 0.2182830967432758 0.0
669 0.5517256669524123 0.3116675582847812 0.0
670 0.5585584365103421 0.2582037653758318 0.0
671 0.5095885805806499 0.230570701993328 0.0
672 0.5122352972015544 0.2033816825239302 0.0
673 0.5315122148681534 0.2452862365139076 0.0
674 0.5523201731505909 0.2856184027085578 0.0
675 0.552580846185817 0.2332530495601083 0.0
676 0.5752578249409892 0.3025716587443338 0.0
677 0.5103301872092237 0.25364450364226 0.0
678 0.5739967119994381 0.2793624641976806 0.0
679 0.533816793635349 0.2982436864106165 0.0
680 0.570264911934246 0.3226604801988615 0.0
681 0.6396129490200414 0.777604522353467 0.0
682 0.6197791957642064 0.7318174722784982 0.0
683 0.6345004042696603 0.8197420784608314 0.0
684 0.5917728011189853 0.7631408900801684 0.0
685 0.6066294591666779 0.8109272359021834 0.0
686 0.601369533965784 0.7135486512597995 0.0
687 0.5968585326783845 0.7874280504051767 0.0
688 0.6343067401609183 0.7522224703094013 0.0
689 0.6446750105855016 0.7992937045248864 0.0
690 0.6146605021290407 0.8322705259097591 0.0
691 0.5943033745941749 0.738368362391465 0.0
692 0.6152520079215832 0.7723612174800204 0.0
693 0.6232628379858649 0.7939894450096325 0.0
694 0.6110828239119737 0.7515820825079107 0.0
695 0.6307016372899844 0.8429548386859332 0.0
696 0.2983596975356902 0.203459416983964 0.0
697 0.3061292336107362 0.1546738917436661 0.0
698 0.3262427716968591 0.2440282329088564 0.0
699 0.3394093666497459 0.1785990998158277 0.0
700 0.3200121316364843 0.1327665730726787 0.0
701 0.3423878219423745 0.2027922689379073 0.0
702 0.2999735409657707 0.2288922370770637 0.0
703 0.3215097605564779 0.2168374313590885 0.0
704 0.2965064643021345 0.1777999766192569 0.0
705 0.304181850883274 0.2515446674412198 0.0
706 0.3417176259286908 0.2264108130891171 0.0
707 0.332258333107314 0.155328157651972 0.0
708 0.3203078341259005 0.193162072469506 0.0
709 0.3189222463591662 0.1719126396600457 0.0
710 0.3179848414905248 0.2657908732267102 0.0
711 0.2977743588034007 0.4069845750014924 0.0
712 0.3376034984829498 0.3685387645878181 0.0
713 0.2929078353048782 0.4523383720887146 0.0
714 0.3315840393051341 0.414798857758167 0.0
715 0.3105267974604841 0.3626622530780365 0.0
716 0.3295481602015867 0.343055222500969 0.0
717 0.3184923992540883 0.3878364836455095 0.0
718 0.3096140218159434 0.4323429907192217 0.0
719 0.3424670878603031 0.3915646360162905 0.0
720 0.3169772178729595 0.4598989719882325 0.0
721 0.2967203288520898 0.3811644617973008 0.0
722 0.3304619361815008 0.4409670019508846 0.0
723 0.2872757615450663 0.4306771665649065 0.0
724 0.3005484259868048 0.4724920147057893 0.0
725 0.6445867539199241 0.1625980506178208 0.0
726 0.6741118107181517 0.122372402781614 0.0
727 0.6401946281597017 0.2048167784507665 0.0
728 0.6944459103934252 0.1591424861946004 0.0
729 0.6693282774783147 0.2024248111334136 0.0
730 0.6961250989746227 0.1086581543850364 0.0
731 0.6840832871436353 0.1816890349666372 0.0
732 0.6554079629711232 0.1390331221627085 0.0
733 0.6348253117330414 0.1826170250418433 0.0
734 0.6567492607041895 0.2214459051189621 0.0
735 0.6974911896763851 0.1344279519224417 0.0
736 0.6695036604612854 0.1629070257099031 0.0
737 0.6568809452421631 0.1822104110318715 0.0
738 0.6781921068440742 0.1435765977542535 0.0
739 0.6387328270350685 0.2282928514892023 0.0
740 0.4998481174982501 0.784129901767047 0.0
741 0.5050732000416527 0.7290196557288383 0.0
742 0.449430844432765 0.8018638134536807 0.0
743 0.4726586742292427 0.7625685547462331 0.0
744 0.5265496887025704 0.7465251280327226 0.0
745 0.5300194567989026 0.7194288441927501 0.0
746 0.5019012112140305 0.755993245802138 0.0
747 0.4725027091849015 0.7917528141120822 0.0
748 0.4840384504704036 0.7395735444503893 0.0
749 0.4677573592385112 0.819562988942001 0.0
750 0.5206922718076715 0.768855398300795 0.0
751 0.4879095816304566 0.8079940200393466 0.0
752 0.4528470754408244 0.7798004846536208 0.0
753 0.4475546753133602 0.8234255454104972 0.0
754 0.8386109165190768 0.4028093234894579 0.0
755 0.8559681787530784 0.3502434966271572 0.0
756 0.785511543160234 0.4088797102948623 0.0
757 0.816901020435865 0.3757383441446562 0.0
758 0.8730108729578567 0.3720890385070694 0.0
759 0.8824231371105851 0.3464442111124867 0.0
760 0.8468735298526353 0.3758349685649462 0.0
761 0.8102548571099 0.4041561877094451 0.0
762 0.8331123530951225 0.3558521052037267 0.0
763 0.7994401369174516 0.4302131636917689 0.0
764 0.8623313611381861 0.3925560443999527 0.0
765 0.821661438784985 0.4234185443413586 0.0
766 0.7937516746552266 0.3881297381265628 0.0
767 0.778884476785006 0.4294833577098355 0.0
768 0.8753450798650383 0.1686706041462689 0.0
769 0.9039641561836109 0.1212850665145295 0.0
770 0.8222262305167238 0.1627730715282931 0.0
771 0.8602033558098656 0.1374474444203933 0.0
772 0.9157184640807289 0.1463752512815721 0.0
773 0.9306012540630433 0.123467819061417 0.0
774 0.8894028908821616 0.1442111570531665 0.0
775 0.8474002605834019 0.1636738828452026 0.0
776 0.8804333409750547 0.1216671558925784 0.0
777 0.8310584653736837 0.1866710543997216 0.0
778 0.9007523726526825 0.1639526916610233 0.0
779 0.854234577853091 0.1849914951876447 0.0
780 0.8348770678976982 0.1443769462406105 0.0
781 0.8111805756659461 0.1813854814866972 0.0
782 0.8572039135570654 0.5884431722102721 0.0
783 0.9029909636320341 0.568609418954437 0.0
784 0.815066357449701 0.5833306274598908 0.0
785 0.871667545830364 0.5406030243092159 0.0
786 0.823881200008349 0.5554596823569086 0.0
787 0.921259784650733 0.5501997571560145 0.0
788 0.8473803855053557 0.5456887558686151 0.0
789 0.8825859656011311 0.583136963351149 0.0
790 0.835514731385646 0.5935052337757322 0.0
791 0.8025379100007732 0.5634907253192714 0.0
792 0.8964400735190674 0.5431335977844055 0.0
793 0.862447218430512 0.5640822311118138 0.0
794 0.8408189909008997 0.5720930611760956 0.0
795 0.8832263534026217 0.5599130471022042 0.0
796 0.7918535972245991 0.579531860480215 0.0
797 0.6357683892582165 0.9746664857952292 0.0
798 0.5731600007269982 0.9552008587458514 0.0
799 0.6865457106317316 0.9671730243416035 0.0
800 0.6156430780749806 0.9503315019507794 0.0
801 0.6075507514030157 0.9762461901209263 0.0
802 0.6458229133366875 0.9501665900319639 0.0
803 0.5784570352301406 0.9809960811636085 0.0
804 0.591274607249257 0.9443835637399808 0.0
805 0.5566181087188045 0.9719280337942632 0.0
806 0.669755334322055 0.9498862743073756 0.0
807 0.6610990837993302 0.9762241395752482 0.0
808 0.5915525606883268 0.9638293646960001 0.0
809 0.02100184848406256 0.4953916897353313 0.0
810 0.06240918221036051 0.5020030514554269 0.0
811 0.02402172364674798 0.4702965140059616 0.0
812 0.04682988087989726 0.4814516711175696 0.0
813 0.03923864680726352 0.5133185976357278 0.0
814 0.01797065298581763 0.5152915466364354 0.0
815 0.9812155819558762 0.4699612479320561 0.0
816 0.9469312070016584 0.4616874733960453 0.0
817 0.9742988570743383 0.4943205929654804 0.0
818 0.9470054791024504 0.4836487644999318 0.0
819 0.9668868654297864 0.4549360933564853 0.0
820 0.9311526717761778 0.4736974089727529 0.0
821 0.9847749985071542 0.4521263914786796 0.0
822 0.9624327064898694 0.4706339095398345 0.0
823 0.7889908889328694 0.235587327885863 0.0
824 0.8295740530151958 0.2637546841135986 0.0
825 0.7403416363017373 0.2431069601014262 0.0
826 0.7935784768227953 0.2833582891638819 0.0
827 0.8432883014117735 0.2857679723700696 0.0
828 0.7704888813087433 0.2755447619771882 0.0
829 0.7653764893842299 0.226006463495736 0.0
830 0.7668932785622647 0.2506403110585242 0.0
831 0.8129133336341012 0.2450508363665702 0.0
832 0.7431414376014259 0.2199694985313914 0.0
833 0.7495000954756832 0.2646932339846269 0.0
834 0.8176475884111324 0.287012313967667 0.0
835 0.7887455361920384 0.2598297660030271 0.0
836 0.8084917976150526 0.2678011779229489 0.0
837 0.7243171565272892 0.2262243663180271 0.0
838 0.4464236242623444 0.4204017802020085 0.0
839 0.5015338703005532 0.4256268627454111 0.0
840 0.4286897125757106 0.3699845071365234 0.0
841 0.4679849712831584 0.3932123369330011 0.0
842 0.4840283979966689 0.4471033514063287 0.0
843 0.5111246818366413 0.450573119502661 0.0
844 0.4745602802272534 0.422454873917789 0.0
845 0.4388007119173092 0.3930563718886599 0.0
846 0.4909799815790022 0.404592113174162 0.0
847 0.4109905370873905 0.3883110219422696 0.0
848 0.4616981277285965 0.4412459345114299 0.0
849 0.4225595059900449 0.408463244334215 0.0
850 0.4507530413757705 0.3734007381445827 0.0
851 0.4071279806188942 0.3681083380171186 0.0
852 0.333684451312193 0.6535737034350743 0.0
853 0.3571160656625485 0.6976281149249275 0.0
854 0.2975523638397834 0.6312985153682567 0.0
855 0.3151647300385758 0.6999945644102826 0.0
856 0.287066835225259 0.6585848621362135 0.0
857 0.3599209686955553 0.7234117916976639 0.0
858 0.2993471652390124 0.6808755825870124 0.0
859 0.35022057157969 0.6735477151734104 0.0
860 0.3198833096240386 0.6360930404424698 0.0
861 0.2753872525432137 0.6389986162533481 0.0
862 0.3361104588405502 0.713461500778851 0.0
863 0.3225950337958611 0.675889001245028 0.0
864 0.3106800754527319 0.6561409028030781 0.0
865 0.3362413719834451 0.6921041793064999 0.0
866 0.2770354046293515 0.619795591714184 0.0
867 0.4782643128074099 0.01133626531462761 0.0
868 0.4447485602660377 0.9580120275288804 0.0
869 0.4305392357417768 0.9167117639723039 0.0
870 0.4817375541220983 0.9804055206531754 0.0
871 0.4766038702516667 0.919442509352197 0.0
872 0.4477111971769626 0.892549017025864 0.0
873 0.4572900088045487 0.9792561303423082 0.0
874 0.471200711239078 0.9602648463909493 0.0
875 0.4613783505019411 0.9390037976906129 0.0
876 0.4875118207596702 0.9422509460417638 0.0
877 0.4531822325598281 0.9167658104094487 0.0
878 0.4355939995665803 0.9373699994826138 0.0
879 0.497359610991001 0.9633578603414653 0.0
880 0.425998889956511 0.8955070988744073 0.0
881 0.467574964096779 0.9015212408841065 0.0
882 0.5018738319291343 0.9834254329543044 0.0
883 0.4329617035163792 0.878688037482833 0.0
884 0.3579512211568042 0.834343807233321 0.0
885 0.359947883429329 0.8842020569273343 0.0
886 0.3350621770998138 0.7985974310437951 0.0
887 0.3211242721140652 0.8681321518795981 0.0
888 0.3137759400920879 0.8186320796386201 0.0
889 0.3512878956531998 0.9086493488154517 0.0
890 0.3151685539852306 0.8440435603118706 0.0
891 0.3641833518155019 0.8595145236688386 0.0
892 0.353101397575752 0.8126061831269429 0.0
893 0.3117511533044064 0.7959179008536579 0.0
894 0.3341526369741186 0.8893534534248441 0.0
895 0.3382777563581127 0.8496376779014386 0.0
896 0.3361111286210541 0.8266755493276225 0.0
897 0.3435371801382255 0.8701679727604107 0.0
898 0.3215679671130038 0.7793316799640727 0.0
899 0.3855976103233696 0.02290971193504132 0.0
900 0.3639705135570652 0.06924630873008492 0.0
901 0.3856442627594671 0.1094795229812332 0.0
902 0.4059519204610086 0.06805270523888324 0.0
903 0.3624345947242785 0.04274119617178052 0.0
904 0.3856442627594668 0.05104234655390727 0.0
905 0.4079998964386741 0.04056078513826888 0.0
906 0.3855849952884108 0.0842977227399685 0.0
907 0.3621317001701055 0.01875426438150934 0.0
908 0.408967357503193 0.01831818217480696 0.0
909 0.3667424768723692 0.09217979169295887 0.0
910 0.4048109586575385 0.09237797303231315 0.0
911 0.3856442627594669 0.9811256532077923 0.0
912 0.2647786170864964 0.04564138299561527 0.0
913 0.2990795914637643 0.0358424343316005 0.0
914 0.2780161084504104 0.07613902450080401 0.0
915 0.2944915348428524 0.0596706710601419 0.0
916 0.2775753682666554 0.02222068088219969 0.0
917 0.2558902457782677 0.0685088591211262 0.0
918 0.2576573708351541 0.01886683014671375 0.0
919 0.2610259764236019 0.0882869728222036 0.0
920 0.2852646439618568 0.9626561272741905 0.0
921 0.3073669319116749 0.9682889448051082 0.0
922 0.2721361972928432 0.9760776141889483 0.0
923 0.2894552764506572 0.983298380381304 0.0
924 0.3003000209146324 0.9522150574518657 0.0
925 0.3144661648443411 0.9861657260109841 0.0
926 0.3986211349615518 0.2331441182616655 0.0
927 0.3855800288935283 0.281308018387212 0.0
928 0.4288906199111183 0.2033872698160741 0.0
929 0.4270061414962877 0.2742800856594929 0.0
930 0.4451850377984607 0.2276562412812982 0.0
931 0.3885828584719827 0.307069394194189 0.0
932 0.438172753230519 0.2521207173353765 0.0
933 0.3869442455004425 0.2562969727495539 0.0
934 0.4081864397580199 0.2130306890486201 0.0
935 0.4522134392312691 0.2059621118286076 0.0
936 0.4095822411045163 0.2920702409521974 0.0
937 0.4143981385382455 0.2524322974224741 0.0
938 0.4216199986902822 0.2305279973803386 0.0
939 0.4047021591066041 0.2712775230341861 0.0
940 0.4463335348037319 0.1876072955485734 0.0
941 0.8601013996359291 0.7015597217963849 0.0
942 0.8075355727736288 0.7189169840303858 0.0
943 0.8661717864413336 0.6484603484375416 0.0
944 0.8330304202911277 0.6798498257131723 0.0
945 0.8293811146535406 0.735959678235165 0.0
946 0.8037362872589577 0.7453719423878925 0.0
947 0.8331270447114182 0.7098223351299437 0.0
948 0.8614482638559164 0.6732036623872077 0.0
949 0.8131441813501983 0.6960611583724299 0.0
950 0.8875052398382399 0.6623889421947596 0.0
951 0.8498481205464238 0.7252801664154944 0.0
952 0.8454218142730343 0.6567004799325341 0.0
953 0.8807106204878297 0.6846102440622931 0.0
954 0.8867754338563066 0.6418332820623139 0.0
955 0.131159729091863 0.3513334175872042 0.0
956 0.07604948305365472 0.356558500130606 0.0
957 0.1632421603326318 0.3189086189467816 0.0
958 0.1095983820710495 0.324143974318196 0.0
959 0.0935549553575384 0.3780349887915244 0.0
960 0.06645867151756604 0.3815047568878559 0.0
961 0.1030230731269546 0.353386511302985 0.0
962 0.1377138213981433 0.3241255006878068 0.0
963 0.08660337177520577 0.335523750559357 0.0
964 0.1491379162106222 0.2979904893507588 0.0
965 0.1158852256256107 0.3721775718966256 0.0
966 0.12679124865741 0.3043845152047857 0.0
967 0.1541399521695744 0.3393555719260641 0.0
968 0.1698340966349013 0.2983880362919852 0.0
969 0.007887606001894865 0.0115020983040886 0.0
970 0.01026991070703703 0.9867320469056244 0.0
971 0.01922434704537401 0.9893849037603442 0.0
972 0.9392726685324165 0.02142801091800628 0.0
973 0.908612657338539 0.05658311988366038 0.0
974 0.9796166655463198 0.03577830965943329 0.0
975 0.9094084558701871 0.02598689008645261 0.0
976 0.9534451517904219 0.04581169092280823 0.0
977 0.9265370201528342 0.04087012860560418 0.0
978 0.9637548681975461 0.01770339428772816 0.0
979 0.8912070908909482 0.04112165660812522 0.0
980 0.9823105275479849 0.01739244578793786 0.0
981 0.9329410494422601 0.0612957837498817 0.0
982 0.8871285804111853 0.05921511041293293 0.0
983 0.9395914469959108 0.9912865311817955 0.0
984 0.9852923677993867 0.9851881847900963 0.0
985 0.9646666196048868 0.9868243492997915 0.0
986 0.7011767646794026 0.3300125262736651 0.0
987 0.6553432788360122 0.3484430644979513 0.0
988 0.7469330033926627 0.3481691027417159 0.0
989 0.6860741582763498 0.37556493547349 0.0
990 0.6370744578173133 0.3668527262963737 0.0
991 0.7103235227910633 0.3730852280850511 0.0
992 0.726331044820985 0.3259265723992824 0.0
993 0.7193707379478138 0.3496052806281658 0.0
994 0.6757482768669152 0.3339155201012393 0.0
995 0.749351968514976 0.3249887312399559 0.0
996 0.7332007680862782 0.3671762147814626 0.0
997 0.6617954125554234 0.373771465056369 0.0
998 0.696021515943559 0.3537017519744674 0.0
999 0.674996528495652 0.3570793474207034 0.0
1000 0.7663124465392523 0.3352755730378272 0.0
1001 0.01986642874440703 0.9117425835314927 0.0
1002 0.04023280157675913 0.9112360625809295 0.0
1003 0.02692748529959521 0.8943609723038228 0.0
1004 0.9753934545992651 0.907171086415257 0.0
1005 0.9216192676725561 0.8995902202061112 0.0
1006 0.9360772030668137 0.9244403784579343 0.0
1007 0.9603463031736057 0.8855404135499405 0.0
1008 0.9599575806781058 0.9285766537911988 0.0
1009 0.938865861877338 0.8849519704938176 0.0
1010 0.9141252962259545 0.9211125918154195 0.0
1011 0.9490619406388742 0.9047823033166434 0.0
1012 0.9815772008620907 0.8817531034521726 0.0
1013 0.9816593013076587 0.9326623229181124 0.0
1014 0.9008808397379184 0.9081586550967394 0.0
1015 0.5285204834125735 0.1430926038520327 0.0
1016 0.4827334333376043 0.1232588505961975 0.0
1017 0.5706580395199382 0.1379800591016519 0.0
1018 0.5140568511392759 0.09525245595097676 0.0
1019 0.5618431969612907 0.1101091139986695 0.0
1020 0.4644646123189065 0.1048491887977749 0.0
1021 0.5383440114642841 0.100338187510376 0.0
1022 0.5031384313685074 0.1377863949929094 0.0
1023 0.5502096655839928 0.148154665417493 0.0
1024 0.5831864869688662 0.1181401569610325 0.0
1025 0.4892843234505722 0.09778302942616607 0.0
1026 0.5232771785391276 0.1187316627535744 0.0
1027 0.5449054060687392 0.1267424928178561 0.0
1028 0.5024980435670174 0.1145624787439648 0.0
1029 0.5938707997450401 0.1341812921219762 0.0
1030 0.0255687944426376 0.7671158795212867 0.0
1031 0.5472432492382429 0.4792288484679696 0.0
1032 0.07559144892574671 0.8856123776612557 0.0
1033 0.2703629369174677 0.7864326107536543 0.0
1034 0.7527247002535997 0.5646695128980896 0.0
1035 0.1570181325638124 0.6308360811444705 0.0
1036 0.592664970025889 0.6678710707574205 0.0
1037 0.2686131021452516 0.8537627271685144 0.0
1038 0.1776388207489566 0.980380817522893 0.0
1039 0.7180680234159816 0.9282879673889695 0.0
1040 0.6550921766939732 0.4235385641297547 0.0
1041 0.6205062200838599 0.6619285110742595 0.0
1042 0.6002037251194219 0.64223383380436 0.0
1043 0.8687109089188512 0.8834042409910162 0.0
1044 0.6271873007183076 0.6359758288916075 0.0
1045 0.6097469912543547 0.616559235737175 0.0
1046 0.02173951729665435 0.6814471149356229 0.0
1047 0.02414621857975219 0.084620930888197 0.0
1048 0.4766407703690959 0.5923366600629636 0.0
1049 0.2444778833813708 0.6821561640155978 0.0
1050 0.763482321598082 0.6121866498660609 0.0
1051 0.6853182210399222 0.8352203083196507 0.0
1052 0.09687943777381774 0.0233190309515604 0.0
1053 0.6353671273606857 0.6101022937922792 0.0
1054 0.6180956007274496 0.5904200791897335 0.0
1055 0.660138384905633 0.7056546560817369 0.0
1056 0.8069531591854067 0.9761488794703062 0.0
1057 0.9259102702724252 0.8442972699683524 0.0
1058 0.6435727634411733 0.583883109471418 0.0
1059 0.6260386039001996 0.5640375119003338 0.0
1060 0.6517715723661023 0.5575107000103364 0.0
1061 0.5973177971264865 0.5676704138580273 0.0
1062 0.634248865340407 0.537467268222118 0.0
1063 0.6600185569500997 0.5310056067940992 0.0
1064 0.1528211761464975 0.02599936128574126 0.0
1065 0.0872896661332806 0.906932640713209 0.0
1066 0.1008587051869555 0.885659227142134 0.0
1067 0.0892660501190467 0.8631759897186682 0.0
1068 0.1149542950691371 0.8631974442040661 0.0
1069 0.1018560297422996 0.8396735044038827 0.0
1070 0.1288782965180729 0.8402101914513858 0.0
1071 0.1158365442322051 0.8163084447790576 0.0
1072 0.1405809337709764 0.8645823191494627 0.0
1073 0.1432513769246679 0.8168460044797197 0.0
1074 0.1300241910393656 0.7926587745094134 0.0
1075 0.1577255474077623 0.7932519690594915 0.0
1076 0.1444008960097312 0.7687767736598398 0.0
1077 0.257229985594553 0.9338850084117563 0.0
1078 0.6537941001848585 0.6303130008988113 0.0
1079 0.7794155303608712 0.02279017112584414 0.0
1080 0.1723805897416861 0.76938515599555 0.0
1081 0.5287774456241471 0.5016030505747167 0.0
1082 0.1589145158755933 0.7447457270058823 0.0
1083 0.1308311657120366 0.744190486667565 0.0
1084 0.9765579911942306 0.7686309931823416 0.0
1085 0.5800529044180848 0.6181467954640346 0.0
1086 0.7751966634875381 0.7813985198278786 0.0
1087 0.7950668375469805 0.7983033417258366 0.0
1088 0.02403607146395753 0.2171422861032808 0.0
1089 0.1711284331484836 0.8194363446823483 0.0
1090 0.09244888152713754 0.6038154358183354 0.0
1091 0.02155326766758237 0.1377054437892691 0.0
1092 0.1133212813742931 0.9085776160458127 0.0
1093 0.1464281692774674 0.1212901190006965 0.0
1094 0.1178701941927562 0.1217250196281065 0.0
1095 0.7708685117478874 0.8085488473445018 0.0
1096 0.7919092158997016 0.8256913135532123 0.0
1097 0.7651317225319634 0.8361959786107549 0.0
1098 0.7876754859217896 0.8530823861099991 0.0
1099 0.7566724881152231 0.7061430601141387 0.0
1100 0.8808987959309493 0.7566917993213431 0.0
1101 0.5635253841599319 0.4563202535209531 0.0
1102 0.8193770651890784 0.8144828877278542 0.0
1103 0.7667602801786795 0.4697569332756025 0.0
1104 0.7401238374423407 0.4596555153448458 0.0
1105 0.7534321197319198 0.7642383426123699 0.0
1106 0.1091388385937245 0.2211040853601184 0.0
1107 0.8088055406671756 0.1115081160861949 0.0
1108 0.6409664504428465 0.5105376612843346 0.0
1109 0.8531444732127579 0.9041682977557811 0.0
1110 0.5140366424767852 0.6726183564149258 0.0
1111 0.6702123301844161 0.5777296740266717 0.0
1112 0.1453239888491905 0.7200743276787446 0.0
1113 0.1171119358602529 0.7195150970103568 0.0
1114 0.5175035646679707 0.8392843163203408 0.0
1115 0.1871219317905377 0.7453433787874553 0.0
1116 0.4744396823785254 0.5643649323238763 0.0
1117 0.499697304987355 0.5763805081811602 0.0
1118 0.6249025125698605 0.03241207052717787 0.0
1119 0.6679256024633917 0.5043492820570528 0.0
1120 0.1020887251791277 0.7922541777787091 0.0
1121 0.08088052589741157 0.2860015719700817 0.0
1122 0.2113984908210674 0.07815990525563621 0.0
1123 0.9182879288776045 0.7034218764902206 0.0
1124 0.07079934204180449 0.8422353428471359 0.0
1125 0.7446140979631606 0.4872637828065015 0.0
1126 0.1320364371109376 0.09763811582008397 0.0
1127 0.1046900163224476 0.09799843566763528 0.0
1128 0.5570644163185501 0.5049352529628778 0.0
1129 0.7623891801927872 0.8631097577284521 0.0
1130 0.7839294512529531 0.8803335976774294 0.0
1131 0.2058926981611823 0.3377416815733644 0.0
1132 0.686874481247105 0.5248336875162833 0.0
1133 0.5803373464823841 0.8591572621394978 0.0
1134 0.8443135495540669 0.06052928498993193 0.0
1135 0.5199579837766136 0.8996840136234198 0.0
1136 0.0938031743288254 0.9772039799042691 0.0
1137 0.09003180976706737 0.1218424959902637 0.0
1138 0.4520940618856469 0.7075643008652734 0.0
1139 0.02243831256698736 0.6290280157705834 0.0
1140 0.5020167350975597 0.6037507934234562 0.0
1141 0.5245889112962577 0.5888418166813086 0.0
1142 0.9769243400924226 0.6271018445931844 0.0
1143 0.7154246618929374 0.06689959580469446 0.0
1144 0.7411263422637886 0.07996590316510754 0.0
1145 0.7354311503582919 0.9507604260122517 0.0
1146 0.4543365500870862 0.6363339266525134 0.0
1147 0.2005324224984268 0.7709856435087674 0.0
1148 0.2154607102055707 0.7460255352498616 0.0
1149 0.07115479024048699 0.5874496683676368 0.0
1150 0.4690633643039223 0.4938499647164933 0.0
1151 0.5417166822652114 0.3963382602894846 0.0
1152 0.413016814776162 0.4609389209005701 0.0
1153 0.1317110229169191 0.6952925499838954 0.0
1154 0.1626493087323708 0.6938250750069831 0.0
1155 0.1034140929982114 0.6947711493054525 0.0
1156 0.088893007057405 0.7190310279049966 0.0
1157 0.8794657903739443 0.8602462463307847 0.0
1158 0.5505773697066596 0.01691843107495017 0.0
1159 0.6865942826647572 0.7628680925096105 0.0
1160 0.4322854670560881 0.6518989200696925 0.0
1161 0.6790556938351515 0.8627234392114582 0.0
1162 0.2716936440865851 0.3339112721385571 0.0
1163 0.743673449320136 0.8177095516261076 0.0
1164 0.5400716455156911 0.525103408875622 0.0
1165 0.9615421913388191 0.4163985411308478 0.0
1166 0.8704705092223365 0.4970397885302975 0.0
1167 0.5260522577967394 0.6159660911968319 0.0
1168 0.6766085272513345 0.02237491870114394 0.0
1169 0.8621774233374874 0.9794607229668524 0.0
1170 0.6494745635172221 0.4843554339496095 0.0
1171 0.675515118220607 0.4773744982134445 0.0
1172 0.6215524661284717 0.4901231118379914 0.0
1173 0.808555745357892 0.8700571044099867 0.0
1174 0.8055265532137068 0.8974707306877718 0.0
1175 0.1180260881373659 0.6708052423128896 0.0
1176 0.08965497016712243 0.6704456612557285 0.0
1177 0.9762309679624097 0.6839269658791468 0.0
1178 0.5129093441857193 0.522124305246828 0.0
1179 0.1181956076661478 0.07414004032117089 0.0
1180 0.09208031102788378 0.0751938804202178 0.0
1181 0.1441925175523076 0.07445349685234082 0.0
1182 0.7814502769121912 0.9077870393168133 0.0
1183 0.2276294518469776 0.1136642677169486 0.0
1184 0.6097961016736253 0.0839647166758627 0.0
1185 0.7936526658849381 0.4827514538754363 0.0
1186 0.0926975672721349 0.1966801912383069 0.0
1187 0.07989354618439898 0.2218350373473161 0.0
1188 0.201836208945931 0.7215359644693338 0.0
1189 0.6261082836525352 0.4182372765520634 0.0
1190 0.5972041859124912 0.406190310584116 0.0
1191 0.5413156505578132 0.6694251832369547 0.0
1192 0.0850693616530267 0.1674194916499573 0.0
1193 0.200492069200905 0.1053054404758752 0.0
1194 0.706141010595041 0.8549435702907592 0.0
1195 0.04962354009123937 0.9556155826240182 0.0
1196 0.2225303229435736 0.4059999636394989 0.0
1197 0.9720807324976228 0.8313734040082619 0.0
1198 0.06334531504796498 0.1919575671416456 0.0
1199 0.02673418503261943 0.8188463455730771 0.0
1200 0.277826031578474 0.7599830939668529 0.0
1201 0.8017910374745052 0.9247032890625216 0.0
1202 0.8666902807634385 0.4465367600228169 0.0
1203 0.7397184447058139 0.04808136462075652 0.0
1204 0.4682216672350452 0.3358136661862081 0.0
1205 0.7544576200746922 0.5378359794839 0.0
1206 0.7476040006453973 0.136954559252451 0.0
1207 0.07182310402197922 0.9439849230721671 0.0
1208 0.9197364727315042 0.3970742370923434 0.0
1209 0.7653579007958966 0.06392466249135403 0.0
1210 0.5674976973228525 0.5288643763770248 0.0
1211 0.4863389033138882 0.6782396667829445 0.0
1212 0.7301630237509075 0.5456470276131965 0.0
1213 0.7247545734557022 0.5711407697411224 0.0
1214 0.02672169935013236 0.2587550805817437 0.0
1215 0.02924154417865815 0.5580647903595966 0.0
1216 0.4115905042071502 0.5118494376770809 0.0
1217 0.6444494709943202 0.2680704983459343 0.0
1218 0.391612958519764 0.7584402614801016 0.0
1219 0.9261138330496226 0.630839982456024 0.0
1220 0.8555215621568326 0.8596108042402433 0.0
1221 0.8696505300183286 0.8322790792554522 0.0
1222 0.7653980746890355 0.09395676676673193 0.0
1223 0.4963095041340901 0.6499423957711454 0.0
1224 0.669218441078572 0.06642948007878613 0.0
1225 0.6037421405905071 0.4358179244272838 0.0
1226 0.1123896974680698 0.6239970803200374 0.0
1227 0.9345828525245269 0.654311555211063 0.0
1228 0.9466547176778725 0.3601268001081997 0.0
1229 0.6991603307753745 0.8858632115889968 0.0
1230 0.5834045564511348 0.06918595242306091 0.0
1231 0.7881492143070323 0.07673010018262716 0.0
1232 0.2326234566254579 0.6550040258245982 0.0
1233 0.2118526184467838 0.6786385229557511 0.0
1234 0.203226624219575 0.6533957160629764 0.0
1235 0.9539755350866375 0.5879688126198719 0.0
1236 0.5500922150399958 0.5500940892696728 0.0
1237 0.1989110037953016 0.364779296198158 0.0
1238 0.2298411978287884 0.3602269339849536 0.0
1239 0.6698443553512212 0.26846077399097 0.0
1240 0.06658765858793858 0.6178310278805677 0.0
1241 0.5624506788882012 0.8319766716100581 0.0
1242 0.5546231325859522 0.8639848500466276 0.0
1243 0.2704675708116383 0.9174251048160713 0.0
1244 0.249277188796079 0.9098146347341336 0.0
1245 0.2320101872363035 0.9290612099930503 0.0
1246 0.224476804640751 0.9036560889265295 0.0
1247 0.2068692521541995 0.9227767495613215 0.0
1248 0.1989285585402457 0.8976266694733167 0.0
1249 0.1817026824797733 0.9168698870289906 0.0
1250 0.2170826557759785 0.8780965674220536 0.0
1251 0.2139041005054509 0.9480676606519047 0.0
1252 0.1912899870946784 0.8722586704174526 0.0
1253 0.2091930878704322 0.8534574868294176 0.0
1254 0.7794169902211976 0.6315048767756501 0.0
1255 0.7580973116951448 0.6438390153641784 0.0
1256 0.7364491533944495 0.6192992572748899 0.0
1257 0.7279297495307915 0.6463830937206524 0.0
1258 0.7085862598830337 0.6249925430152026 0.0
1259 0.7002105327181374 0.6519722586378985 0.0
1260 0.7198027161246836 0.6749677450634941 0.0
1261 0.8999265856412896 0.4184351481088453 0.0
1262 0.2617231839311139 0.5035402659044946 0.0
1263 0.2303984228052052 0.7216752801692234 0.0
1264 0.2086884328447908 0.04910845101117117 0.0
1265 0.409642050913373 0.7174920656999945 0.0
1266 0.06035570098611398 0.1651266372712724 0.0
1267 0.6917730114213481 0.808154822862812 0.0
1268 0.2637660224633173 0.8128614657239002 0.0
1269 0.2439797510705605 0.7935555042886263 0.0
1270 0.2548232899453305 0.2933182905930762 0.0
1271 0.4082480437111097 0.6893405848752772 0.0
1272 0.780958751587632 0.9312225474098238 0.0
1273 0.71982925092116 0.4174267745276901 0.0
1274 0.7130049081631229 0.03958308094091351 0.0
1275 0.7185318972178445 0.4773011268759735 0.0
1276 0.5842656210992762 0.5094408946675756 0.0
1277 0.7247693546670878 0.5045755790044736 0.0
1278 0.1843316110726522 0.06467055851988673 0.0
1279 0.04025178460904305 0.1780926131156432 0.0
1280 0.8586287216655357 0.7810071568290479 0.0
1281 0.8885610795916042 0.7854870328333494 0.0
1282 0.9086175208663021 0.7645364785784495 0.0
1283 0.9154523477510742 0.7925998548687762 0.0
1284 0.5234060995246372 0.3723348150384949 0.0
1285 0.3684524578049688 0.4544537539529493 0.0
1286 0.6168439068701435 0.8802460952961764 0.0
1287 0.551298301993406 0.6032759464511336 0.0
1288 0.8442265295329829 0.4590801525799256 0.0
1289 0.570616743781599 0.8860052178136678 0.0
1290 0.04417416547002551 0.5967650759404349 0.0
1291 0.6301763966915837 0.4442616394380924 0.0
1292 0.5940892055372174 0.3806663700438131 0.0
1293 0.0953584263871422 0.2451226694541915 0.0
1294 0.06670192131342284 0.2467004938773931 0.0
1295 0.9345572064482743 0.7733221544707863 0.0
1296 0.9288698166361438 0.7458571848785439 0.0
1297 0.9412748122451228 0.7997714656822613 0.0
1298 0.684591770582182 0.4263262451571723 0.0
1299 0.6775359778306538 0.7301409004019168 0.0
1300 0.7067190084646622 0.7427415482807751 0.0
1301 0.7044972834790316 0.7156210735138065 0.0
1302 0.7150588059038215 0.7715440943538031 0.0
1303 0.8936736171148181 0.9565889709846542 0.0
1304 0.2340458708783218 0.8181142246185416 0.0
1305 0.7214122445436832 0.8731577381805873 0.0
1306 0.2470061634478895 0.1309819078013108 0.0
1307 0.2321685014011146 0.3045933068859323 0.0
1308 0.4425805325803377 0.4794937762572907 0.0
1309 0.4436854014131193 0.5099668248974556 0.0
1310 0.471969370607815 0.5194935797796236 0.0
1311 0.9567175970793266 0.1886317663506937 0.0
1312 0.7432187629042761 0.9240160350513585 0.0
1313 0.7884233737437019 0.1310737360061787 0.0
1314 0.4959084096304179 0.3532868736969648 0.0
1315 0.4655719944778851 0.03983290740609002 0.0
1316 0.7687374478973594 0.6760862828907866 0.0
1317 0.7286567523135562 0.7260626624485351 0.0
1318 0.6918835810827384 0.6774593472432677 0.0
1319 0.4811341200176745 0.2909113133930968 0.0
1320 0.3819585896289193 0.500620732220439 0.0
1321 0.8947427728648378 0.8129036217223133 0.0
1322 0.8343813761869505 0.5006770954075646 0.0
1323 0.4979820296327302 0.8773282794551398 0.0
1324 0.2678226169760706 0.8949688401351827 0.0
1325 0.5775008417345651 0.4256453992224061 0.0
1326 0.6514014458861901 0.9002006199616118 0.0
1327 0.5945927159410386 0.5344949914248137 0.0
1328 0.769472737509326 0.1755199326169059 0.0
1329 0.09612349201517101 0.9321002351957706 0.0
1330 0.1251725057633479 0.9320348826627516 0.0
1331 0.1381326207273552 0.9096713129533206 0.0
1332 0.1495696721648303 0.9325953195959984 0.0
1333 0.1374182886862552 0.9548744121782673 0.0
1334 0.8712513795684498 0.9438703978770913 0.0
1335 0.5565629844251782 0.05445667191554349 0.0
1336 0.6248962045889316 0.3108215618941238 0.0
1337 0.03613477598166925 0.2801130149634037 0.0
1338 0.2975313524681854 0.3017715839191289 0.0
1339 0.8338614878297701 0.02108708258866326 0.0
1340 0.4270979648986278 0.1342995405340401 0.0
1341 0.8307097044037614 0.0924099389652368 0.0
1342 0.0272238803962887 0.05241638365977902 0.0
1343 0.04987761659261902 0.06847211710732848 0.0
1344 0.04998319184026101 0.09842864416872249 0.0
1345 0.0533927793801976 0.04475283072873937 0.0
1346 0.5255051599306853 0.04563295635641584 0.0
1347 0.1806987618604973 0.03995308601986475 0.0
1348 0.3889482240747871 0.7891382665023838 0.0
1349 0.5509571419378947 0.9122533582407548 0.0
1350 0.6512655903325417 0.02867983106665162 0.0
1351 0.6433189295824133 0.05255166763675267 0.0
1352 0.6445798274571555 0.6799978399732098 0.0
1353 0.1321490848692869 0.05021945219069363 0.0
1354 0.5987032457216545 0.0299346158624389 0.0
1355 0.7119832699484492 0.4486058229874685 0.0
1356 0.2155865484437899 0.7954267219304509 0.0
1357 0.04783365818072605 0.8579923182077329 0.0
1358 0.12664487174009 0.2478146646928974 0.0
1359 0.5533548720846704 0.371313293744153 0.0
1360 0.6695358455807842 0.6585085645536584 0.0
1361 0.2427632584140375 0.7460884215323901 0.0
1362 0.2580526933639828 0.7233776133119348 0.0
1363 0.05523424461045123 0.3017637549943949 0.0
1364 0.7472088993342723 0.9772396372232361 0.0
1365 0.9332845472606708 0.4225295987306663 0.0
1366 0.4021239895721149 0.6592050021127447 0.0
1367 0.8040357411892249 0.5102593232165423 0.0
1368 0.7403098510347822 0.1780055022851594 0.0
1369 0.704920468370611 0.5493826795757449 0.0
1370 0.2396268140072495 0.8596791675279122 0.0
1371 0.7372573499980273 0.8491184781295045 0.0
1372 0.8289533776044483 0.8876205948003691 0.0
1373 0.2186539693244174 0.1432386158590284 0.0
1374 0.4575489312509901 0.6643169194524849 0.0
1375 0.07016156173135135 0.9660127615367126 0.0
1376 0.05191060970146993 0.2158122071952414 0.0
1377 0.9787117320157909 0.169751833611166 0.0
1378 0.05027952516277268 0.9784661387980949 0.0
1379 0.03063307768883428 0.9663103353621966 0.0
1380 0.1867116433168588 0.6772689038122455 0.0
1381 0.611040456032472 0.05449811760968165 0.0
1382 0.6586687803286488 0.4542021085786154 0.0
1383 0.06891850100873376 0.437081750977605 0.0
1384 0.5000731949466688 0.04404304923001728 0.0
1385 0.5522363242929034 0.627897044904651 0.0
1386 0.5763569732049347 0.5906088909198005 0.0
1387 0.8393177655511008 0.8376781776599596 0.0
1388 0.8501359349078778 0.8112558672696046 0.0
1389 0.03034644008913168 0.4073986209947874 0.0
1390 0.4997390466830841 0.5480795850732507 0.0
1391 0.9750831377956969 0.08715072940447971 0.0
1392 0.9700620256126321 0.3759216381211848 0.0
1393 0.6065074838007267 0.466400935470369 0.0
1394 0.1826188028137142 0.8464198911569555 0.0
1395 0.9449474849074811 0.3851371649970605 0.0
1396 0.9712299568428633 0.8020627915801546 0.0
1397 0.2571215083062369 0.3690347085751254 0.0
1398 0.2318699547725302 0.3310683738791826 0.0
1399 0.5724552862111715 0.6475787894098199 0.0
1400 0.192935426654702 0.3933564961267415 0.0
1401 0.7156545238825911 0.8256278311684409 0.0
1402 0.8940925008872223 0.4814699127647495 0.0
1403 0.8265008173658304 0.9147448027973556 0.0
1404 0.8236327637541262 0.9402214903797658 0.0
1405 0.5254117500953405 0.866906729921012 0.0
1406 0.3934089440603434 0.439715676710136 0.0
1407 0.5358717746239878 0.8196778681987837 0.0
1408 0.9044152134837466 0.7328075711202569 0.0
1409 0.1746374263046265 0.1205661918242634 0.0
1410 0.7167380243157989 0.5979184285027032 0.0
1411 0.6893481725874461 0.6041914037243328 0.0
1412 0.8463073031598641 0.3183681488262515 0.0
1413 0.1056176755633055 0.05028143232742288 0.0
1414 0.4801875045187768 0.6240695302959246 0.0
1415 0.6377658834260649 0.08854634846779319 0.0
1416 0.8739734490525147 0.3051964856120609 0.0
1417 0.2386396047027864 0.957479592978588 0.0
1418 0.2176416050056905 0.9730651047574168 0.0
1419 0.0783997087009144 0.09886523721372109 0.0
1420 0.06309725307460323 0.1227822695623313 0.0
1421 0.8345630249552437 0.9776248280586596 0.0
1422 0.3849765862935975 0.1524229171240248 0.0
1423 0.5240642197670213 0.5631930217102721 0.0
1424 0.1575418661375514 0.09732972591265038 0.0
1425 0.1026672346013244 0.7436647271356148 0.0
1426 0.0744534096144926 0.743174837776701 0.0
1427 0.06095663241681376 0.7187551718797076 0.0
1428 0.04633931783214551 0.7427622757111908 0.0
1429 0.05776546582920189 0.7676552360545876 0.0
1430 0.04196306312719866 0.7918043303552822 0.0
1431 0.03275764515642809 0.7208493024932365 0.0
1432 0.07072471381019246 0.7933445609404497 0.0
1433 0.05643907167613416 0.8164720092917037 0.0
1434 0.07543190617095624 0.6945892607143553 0.0
1435 0.06275898609335295 0.6698278736664416 0.0
1436 0.07574225437697235 0.6453294312257623 0.0
1437 0.0477842953657075 0.6435527586901697 0.0
1438 0.8670255395767803 0.2275381892284372 0.0
1439 0.7443065908064481 0.5917605445593836 0.0
1440 0.1110066427161283 0.9548741632963211 0.0
1441 0.697772828266396 0.5761524049233856 0.0
1442 0.087389943912564 0.7680753303127366 0.0
1443 0.721669051124254 0.7968387199261373 0.0
1444 0.757863402722091 0.8943161399350668 0.0
1445 0.8068500633994496 0.02247898624166073 0.0
1446 0.7914724724583235 0.04810485087796068 0.0
1447 0.8141682750259961 0.06618713817664079 0.0
1448 0.7794635469419637 0.9761784914614318 0.0
1449 0.7518713557522351 0.02385112052969429 0.0
1450 0.8200282626727872 0.4739067824570268 0.0
1451 0.9765076586839689 0.6550126896376656 0.0
1452 0.1891460012651282 0.9421363438229389 0.0
1453 0.06924457133077355 0.02354280665224595 0.0
1454 0.02288976623292249 0.1118402564786162 0.0
1455 0.202262947583013 0.8250252973639877 0.0
1456 0.9763351146292114 0.7393770643396569 0.0
1457 0.9759639796477466 0.7113667699265683 0.0
1458 0.9482175498636736 0.7002243124191142 0.0
1459 0.1162336927423583 0.7682700450106463 0.0
1460 0.6974336061414043 0.4979726526661653 0.0
1461 0.6785649364769143 0.552039065030533 0.0
1462 0.1228540744244367 0.02435387499591002 0.0
1463 0.5265108249181436 0.6447329852511731 0.0
1464 0.8340431231122962 0.7925287391153386 0.0
1465 0.2233996091233293 0.6264063483074207 0.0
1466 0.1735185966396547 0.7206562589863097 0.0
1467 0.3548597620348508 0.486670337651222 0.0
1468 0.5775504586164295 0.4796039855410059 0.0
1469 0.1443646683816552 0.6714429824087612 0.0
1470 0.1327199493360078 0.6460808913386528 0.0
1471 0.242995819544641 0.8864517464632555 0.0
1472 0.7720949759041066 0.4975296156469271 0.0
1473 0.1233043262659028 0.9774701362777705 0.0
1474 0.1866027481371937 0.795585188756766 0.0
1475 0.6618684014912783 0.6040089753366477 0.0
1476 0.7281130191618788 0.971889956565724 0.0
1477 0.5534774148524166 0.688463311420404 0.0
1478 0.1554742299258682 0.8425628883917597 0.0
1479 0.9518280162744946 0.726145745960025 0.0
1480 0.08629073778029395 0.8167146733401565 0.0
1481 0.1749192719136596 0.8921583385256615 0.0
1482 0.1263387889620369 0.8867571017328737 0.0
1483 0.6813998981193683 0.6306301172972595 0.0
1484 0.9737739118269672 0.5662820518372728 0.0
1485 0.5864265295109857 0.1862046762845636 0.0
1486 0.1503427935087077 0.97801300149235 0.0
1487 0.7969143461364865 0.9515512551471761 0.0
1488 0.6156879128477831 0.266019054172323 0.0
1489 0.6807774627101069 0.9076336173264532 0.0
1490 0.2012471775187522 0.02261009243079548 0.0
1491 0.812840679254333 0.8433623940678437 0.0
1492 0.04019177509521665 0.2389672902952449 0.0
1493 0.01255301681651594 0.3654399948591114 0.0
1494 0.2449086679804268 0.1591709354123203 0.0
1495 0.07663599977923535 0.05192207332157434 0.0
1496 0.6128978443253694 0.5164990194987611 0.0
1497 0.5692327220906884 0.02747786936908575 0.0
1498 0.1753810924784114 0.6520961656193085 0.0
1499 0.6569810379795987 0.292671141645816 0.0
1500 0.4097724466690985 0.8416260313650082 0.0
1501 0.3427222140203427 0.3024198232486402 0.0
1502 0.2509621021214558 0.4318108472453784 0.0
1503 0.4311082026842596 0.731392166786567 0.0
1504 0.1674941453722232 0.9552525074803937 0.0
1505 0.5311523639290615 0.02021001384968696 0.0
1506 0.8891835671897694 0.4581230088586671 0.0
1507 0.02197077844049677 0.6556038049234066 0.0
1508 0.8476877768032922 0.9314879503696419 0.0
1509 0.7504397096482103 0.5127250765211511 0.0
1510 0.4181960439086939 0.7578241135085932 0.0
1511 0.7924042319204971 0.3482245350123989 0.0
1512 0.5696963353069826 0.5664678252853435 0.0
1513 0.2278580274714475 0.7702805007013682 0.0
1514 0.04469981340241569 0.6938743818231023 0.0
1515 0.6923012291176216 0.05494644345500976 0.0
1516 0.1601562712415531 0.05533518140295679 0.0
1517 0.1019484963564887 0.145204055739819 0.0
1518 0.7264289131620107 0.7008642748941879 0.0
1519 0.4982912109473867 0.5023390580486989 0.0
1520 0.04472201443536938 0.02127806439892882 0.0
1521 0.9736172028587275 0.1441154063377572 0.0
1522 0.7469359860662637 0.1114842191971125 0.0
1523 0.4351289913013912 0.6804165564676853 0.0
1524 0.4948953687810684 0.1706092394235035 0.0
1525 0.4414331922125702 0.325577917477486 0.0
1526 0.7271267240434536 0.8986963127122981 0.0
1527 0.6437331843470931 0.6538224031933897 0.0
1528 0.8590970038086702 0.02014437236076105 0.0
1529 0.1042965778576417 0.6476746770615793 0.0
1530 0.9396127408397343 0.6063556282959435 0.0
1531 0.7843329462456556 0.3140619360789794 0.0
1532 0.5307892728238249 0.9822735007121759 0.0
1533 0.7446274899506402 0.6657876198442578 0.0
1534 0.9191418684730073 0.8194285928677243 0.0
1535 0.1026798980096587 0.5134901856424199 0.0
1536 0.4529018802817886 0.5380841255208232 0.0
1537 0.7511786266943368 0.7915849137267137 0.0
1538 0.1895242827320533 0.6294982530438712 0.0
1539 0.6238956086672206 0.1219732238170255 0.0
1540 0.02055976352632083 0.1642371591290634 0.0
1541 0.04318464208796785 0.991207115384066 0.0
1542 0.2467744701084156 0.3912134807872005 0.0
1543 0.1594432388501336 0.3908123968337884 0.0
1544 0.7000460856791493 0.2730468874108142 0.0
1545 0.5274180089747097 0.9286494868075824 0.0
1546 0.2777008434987825 0.5843286212200667 0.0
1547 0.9060721652250565 0.4428377174416614 0.0
1548 0.977086877738103 0.6010053508179588 0.0
1549 0.8984095767523312 0.8377692854530991 0.0
1550 0.9543767226501814 0.7560481318510462 0.0
1551 0.2812630096346088 0.7305900032659837 0.0
1552 0.1051665753835254 0.2689962968369272 0.0
1553 0.1658446871937335 0.867806133090623 0.0
1554 0.8291992559906021 0.2165298807077853 0.0
1555 0.4948990524684996 0.3223370771401859 0.0
1556 0.2767917509251059 0.5230934551592076 0.0
1557 0.4791488691533251 0.858139028954193 0.0
1558 0.3434989353320838 0.9611925094859785 0.0
1559 0.7795905278141959 0.5230965578153939 0.0
1560 0.4017898600300231 0.4840317815639373 0.0
1561 0.4782326425691852 0.1737794378487405 0.0
1562 0.9280475067130884 0.6770562664182611 0.0
1563 0.6850329163243679 0.4543644832379231 0.0
1564 0.5220581586484427 0.3464410629151733 0.0
1565 0.1963238203885442 0.9645366268712161 0.0
1566 0.8126424105023896 0.3265519876505639 0.0
1567 0.9517235390397787 0.6352191420617547 0.0
1568 0.2104398445732065 0.2943495071795068 0.0
1569 0.02434737298145095 0.8476896391752684 0.0
1570 0.04685558283350927 0.4276105991205129 0.0
1571 0.7508886231347012 0.3956647758039876 0.0
1572 0.07293153009109721 0.5622976613968408 0.0
1573 0.9475354612987219 0.8239054768816205 0.0
1574 0.02093315148624225 0.7417862160971874 0.0
1575 0.7321465099028763 0.7530769851016784 0.0
1576 0.7547617997477029 0.7382178031438469 0.0
1577 0.506215365293062 0.6276923591877063 0.0
1578 0.08923666900965138 0.9558572081268546 0.0
1579 0.9786139531494786 0.1150029843028131 0.0
1580 0.07580014229495519 0.1450748053556625 0.0
1581 0.5469416657284688 0.5763232342930671 0.0
1582 0.2925144488432188 0.9111493227832184 0.0
1583 0.5538982171942337 0.7989743400117949 0.0
1584 0.5537219433253532 0.4352785382898741 0.0
1585 0.848273061427834 0.9564522605252737 0.0
1586 0.8881486648407216 0.9797904110262567 0.0
1587 0.4002422898613289 0.8190891280801266 0.0
1588 0.4519990457242714 0.06348040177027603 0.0
1589 0.7638109429293525 0.9471406356712688 0.0
1590 0.02083780974640531 0.601871395876723 0.0
1591 0.5711536399660015 0.3941760919505173 0.0
1592 0.9799671843658558 0.1929048621091388 0.0
1593 0.1511397119853707 0.8884054565588362 0.0
1594 0.7250075281685888 0.02116578250203388 0.0
1595 0.7715115222437855 0.1490932216634413 0.0
1596 0.9822349815428302 0.2155098930735893 0.0
1597 0.04997233683386404 0.571351919623349 0.0
1598 0.7245412920774952 0.2875811504871794 0.0
1599 0.7110545637164412 0.5263281702158982 0.0
1600 0.8896416290973493 0.2939255260092163 0.0
1601 0.01934476815281422 0.1914998945014814 0.0
1602 0.7239659399974712 0.9878524601945579 0.0
1603 0.5856548379370465 0.2076218295579801 0.0
1604 0.9866989293152701 0.9605789413574388 0.0
1605 0.5987205956135587 0.4901889049397152 0.0
1606 0.8230325055513795 0.04286255001994654 0.0
1607 0.738770357889355 0.4319387166764154 0.0
1608 0.04106966776476106 0.1248484274536899 0.0
1609 0.9537465963987383 0.6715199221840269 0.0
1610 0.7845061027598399 0.6562326183704096 0.0
1611 0.54431335043548 0.8857668339290964 0.0
1612 0.8323146270691392 0.8630216636049008 0.0
1613 0.9555993378761345 0.7799671073533181 0.0
1614 0.2165716024191221 0.3830894478028425 0.0
1615 0.5393652387657756 0.8445160362918172 0.0
1616 0.01464999366452613 0.9606756963693117 0.0
1617 0.9159084086114108 0.1930000515574071 0.0
1618 0.4090560791662963 0.1587305287861691 0.0
1619 0.9628163711357332 0.545049882438864 0.0
1620 0.2618256471542634 0.4635169467681947 0.0
1621 0.9294136459119751 0.9662309357953478 0.0
1622 0.3840876074223419 0.6416168530864407 0.0
1623 0.9256055441216482 0.3687349767389376 0.0
1624 0.7869854754698378 0.1047253175821483 0.0
1625 0.1901046792625717 0.7002032744591813 0.0
1626 0.2544750824299446 0.7664297032004913 0.0
1627 0.4819786695366206 0.05502192482781931 0.0
1628 0.0187944929323095 0.7945028671376475 0.0
1629 0.3932084827088514 0.9294853329439293 0.0
1630 0.4277896353946023 0.7048335045133093 0.0
1631 0.17643791871437 0.01803256288775906 0.0
1632 0.6717985459818622 0.8869678053156915 0.0
1633 0.04572404104549094 0.260397280035076 0.0
1634 0.6711290807801306 0.04330045729616011 0.0
1635 0.323736735889561 0.09250500904767484 0.0
1636 0.4752140187473491 0.2678024851153183 0.0
1637 0.8557190032030242 0.08340659356662566 0.0
1638 0.9803100393358329 0.3980564575199911 0.0
1639 0.4600796523239583 0.3083390912450811 0.0
1640 0.07418150220593012 0.540062259338409 0.0
1641 0.8690630454983863 0.4708664255684005 0.0
1642 0.5865781683304172 0.4519884305829395 0.0
1643 0.2537256159478889 0.8354719635167647 0.0
1644 0.09054822246091354 0.6276925898219703 0.0
1645 0.07181190125850317 0.4194782306412242 0.0
1646 0.8726957230614258 0.8043145049582886 0.0
1647 0.5845222863944012 0.9070133816954717 0.0
1648 0.2521126771327291 0.3188766620070144 0.0
1649 0.2754041036266276 0.3116533005443708 0.0
1650 0.9590689752089929 0.9627111880632002 0.0
1651 0.2206409014852162 0.7013958042991169 0.0
1652 0.6045685157716831 0.2463153201184963 0.0
1653 0.2738214698990609 0.4909894133591846 0.0
1654 0.06939536558818271 0.07857639044631282 0.0
1655 0.7742528636424388 0.1939212618161127 0.0
1656 0.03673562199723251 0.3410697044955004 0.0
1657 0.5767737180594148 0.3640718432812352 0.0
1658 0.1611155015820595 0.9114753912874377 0.0
1659 0.360884037022394 0.9506303771257574 0.0
1660 0.3268496994261301 0.07496642713676155 0.0
1661 0.7656418066105286 0.04133534431592079 0.0
1662 0.6993519953696695 0.01846358266580023 0.0
1663 0.562463076876655 0.1886077574483326 0.0
1664 0.80630135201472 0.0889902796658465 0.0
1665 0.2972004630999142 0.7508001134875169 0.0
1666 0.4024649459614408 0.8605718845365846 0.0
1667 0.8739164308198561 0.0878270233982974 0.0
1668 0.3425633741738758 0.9818441806933336 0.0
1669 0.9824267631207271 0.5440612220895809 0.0
1670 0.04579475248026149 0.8366744961117089 0.0
1671 0.5660227784928484 0.6736846573291999 0.0
1672 0.4315626867753184 0.5305145631000472 0.0
1673 0.4084034379741103 0.7770204820591762 0.0
1674 0.2446239699460813 0.7065251973112912 0.0
1675 0.6696184813008879 0.684170849344071 0.0
1676 0.04609822570333999 0.1482667650967046 0.0
1677 0.07361539345440415 0.9232432641025914 0.0
1678 0.6278808738504422 0.07009344022418618 0.0
1679 0.02022016818063338 0.382950297857191 0.0
1680 0.4390697723745282 0.1531609171669163 0.0
1681 0.8685316781672314 0.9236953913371204 0.0
1682 0.2002305750951758 0.127631703011317 0.0
1683 0.02854620395184837 0.3632474788566313 0.0
1684 0.6957994632107196 0.7852524455987213 0.0
1685 0.5933291995549486 0.8788872543823274 0.0
1686 0.6240003908867326 0.1032651082944035 0.0
1687 0.6079794507682412 0.3341790823371162 0.0
1688 0.6843587561727948 0.701139295157495 0.0
1689 0.04322836625025289 0.6184880902026955 0.0
1690 0.6332759380933306 0.4678686458549355 0.0
1691 0.1273564008382869 0.5125811818330164 0.0
1692 0.4749442786609663 0.6505804877910026 0.0
1693 0.4629549753274952 0.6884432809215614 0.0
1694 0.3764314585535379 0.3638120758632226 0.0
1695 0.2771237523475242 0.2848422011117736 0.0
1696 0.2141436696225542 0.3162643086716925 0.0
1697 0.6976036083953399 0.4711015762201482 0.0
1698 0.9091175460022998 0.9739607274463499 0.0
1699 0.1654868873271913 0.0770208522234277 0.0
1700 0.182314725143999 0.09050877903528998 0.0
1701 0.6169459885918859 0.9019057995827677 0.0
1702 0.8773656657326943 0.2509996191033866 0.0
1703 0.06770335962009333 0.8656838721051563 0.0
1704 0.9021636719879079 0.8581611599599239 0.0
1705 0.06099093496005342 0.2727805080585439 0.0
1706 0.3704167728014406 0.7689877055026983 0.0
1707 0.9310871014447661 0.3427562865837739 0.0
1708 0.3730756994422457 0.3369992278289849 0.0
1709 0.7436022442084615 0.6863508057979409 0.0
1710 0.1332381277329568 0.6199523424953488 0.0
1711 0.9296511365077671 0.7237642782578328 0.0
1712 0.04805159886361837 0.5495878190048783 0.0
1713 0.3836151574367144 0.1778981440622909 0.0
1714 0.2472681721955803 0.6103397154434833 0.0
1715 0.6129222612595329 0.545567468567952 0.0
1716 0.4039000512228325 0.9502572268693155 0.0
1717 0.2009189854856008 0.9839367823607033 0.0
1718 0.2545991661997126 0.1783940488617551 0.0
1719 0.6819462779808574 0.2875568793518742 0.0
1720 0.1071791938897237 0.4936649980752221 0.0
1721 0.2517425556226475 0.5194083276234005 0.0
1722 0.8036015663547583 0.6376100439676551 0.0
1723 0.03979067811972548 0.6688611868077486 0.0
1724 0.8863733716083659 0.2136245836685054 0.0
1725 0.7350395203498914 0.7757716922630876 0.0
1726 0.6569689358599449 0.8708854003694291 0.0
1727 0.01845453364147198 0.2402143354935842 0.0
1728 0.5302560642240289 0.9460322008570241 0.0
1729 0.8252973425568799 0.6317945016527406 0.0
1730 0.5838025215155522 0.04600535222060093 0.0
1731 0.9835249551649521 0.4198392728479381 0.0
1732 0.9595386320506887 0.6138949574939375 0.0
1733 0.01898177649158778 0.4259635312059926 0.0
1734 0.8856648505994252 0.4364703284513995 0.0
1735 0.5776068823748406 0.5484954354988923 0.0
1736 0.5247866720365034 0.5407326411035005 0.0
1737 0.8139193107720701 0.7872115637731771 0.0
1738 0.4770051536447714 0.5434524189541795 0.0
1739 0.08155049676719928 0.2628362057397474 0.0
1740 0.2611974323626984 0.8754114802315454 0.0
1741 0.5460507850277888 0.0342543828780979 0.0
1742 0.8476339446226886 0.480314048908643 0.0
1743 0.4486984194086219 0.03064319720658748 0.0
1744 0.5550527791005652 0.4154170880136822 0.0
1745 0.6915027536169257 0.03547275553375151 0.0
1746 0.2818114107033082 0.5059789106166956 0.0
1747 0.1469804093602524 0.2589999426261852 0.0
1748 0.5512073773814266 0.6506087118825368 0.0
1749 0.3792525979983731 0.4014458213523165 0.0
1750 0.2264371331111749 0.8401373247800406 0.0
1751 0.04334221301210162 0.3223174247426316 0.0
1752 0.6849245594078727 0.2486774208765526 0.0
1753 0.7678097388096703 0.1212146367446773 0.0
1754 0.9526160097049587 0.8451713329760033 0.0
1755 0.2717238894902226 0.1214297753986157 0.0
1756 0.3820607516925484 0.4762555453975573 0.0
1757 0.1710245586675073 0.9333886327336067 0.0
1758 0.9053074614492036 0.3112670836553039 0.0
1759 0.6943345916569414 0.234999706715309 0.0
1760 0.4138380564596887 0.6416534315189477 0.0
1761 0.597198835512194 0.5976772065733262 0.0
1762 0.7028748453181325 0.9112439127849763 0.0
1763 0.03883970607975362 0.1995195571481823 0.0
1764 0.4226283714433386 0.4930763531581673 0.0
1765 0.2336897572103069 0.9833000981188192 0.0
1766 0.4060015229076218 0.7383965777667496 0.0
1767 0.2844175400558394 0.8818796450597194 0.0
1768 0.6495559834202106 0.07186668143515251 0.0
1769 0.6030794923124803 0.1768375125352167 0.0
1770 0.2657159361677481 0.140963816776801 0.0
1771 0.1543958890888949 0.6523018306397984 0.0
1772 0.4543120368964404 0.5598472448167532 0.0
1773 0.9195422055069469 0.6106141354368297 0.0
1774 0.266562629785125 0.7050301024936876 0.0
1775 0.8208040267651646 0.9618539427245218 0.0
1776 0.500917798592303 0.8547892868276891 0.0
1777 0.9446641016888567 0.4055189012175529 0.0
1778 0.7434313186952957 0.875169321081565 0.0
1779 0.8454664358985781 0.037398743385825 0.0
1780 0.7654604274111085 0.9208964794768663 0.0
1781 0.4931196468736352 0.5280957012754861 0.0
1782 0.01939146126907276 0.7029946474187483 0.0
1783 0.411253299429986 0.796555192760539 0.0
1784 0.0712749303610894 0.9843365760478153 0.0
1785 0.2434324791282553 0.4137870414551313 0.0
1786 0.3915274181002496 0.4599889227656414 0.0
1787 0.752247197465102 0.1583888067055354 0.0
1788 0.1661639009929482 0.6704479951504446 0.0
1789 0.02088842203479374 0.5793136932893699 0.0
1790 0.09453879100810436 0.5304409056775604 0.0
1791 0.9611746783333529 0.3965135373684861 0.0
1792 0.9563489335876572 0.1672100817398784 0.0
1793 0.635735740618274 0.8832711158598923 0.0
1794 0.2789526545967693 0.2640950537281715 0.0
1795 0.2179079185220152 0.09674268158631849 0.0
1796 0.8984532918858512 0.5023051523856508 0.0
1797 0.7325930111199187 0.5248237268680268 0.0
1798 0.6295632953937513 0.2855280000431827 0.0
1799 0.8130245114834751 0.4918986637391425 0.0
1800 0.7053942500042518 0.6940103471744503 0.0
1801 0.1320846022460908 0.3984935191347715 0.0
1802 0.8486986324902284 0.8798009064510031 0.0
1803 0.2636288294908469 0.7433516736362495 0.0
1804 0.8738037365645879 0.9632765880792162 0.0
1805 0.5658847561972093 0.6975897296012943 0.0
1806 0.5381722510231964 0.3570231837566851 0.0
1807 0.1779747438650742 0.3702717023134432 0.0
1808 0.3211679848237856 0.9331337700354163 0.0
1809 0.3744165844769107 0.4249474261039841 0.0
1810 0.7396868396933012 0.4097364525727051 0.0
1811 0.2521837848515047 0.3453941308420073 0.0

ELEMENTS 3466
1314 1 132 1532 133 
1315 1 1287 1386 1085 
1316 1 469 457 470 
1317 1 1241 1583 540 
1318 1 57 1511 412 
1319 1 419 1657 54 
1320 1 296 1363 1121 
1321 1 162 1548 1484 
1322 1 199 198 390 
1323 1 522 1722 523 
1324 1 382 1336 383 
1325 1 1081 1519 335 
1326 1 351 1384 1346 
1327 1 50 462 461 
1328 1 269 283 282 
1329 1 221 1588 349 
1330 1 279 1501 280 
1331 1 1407 1583 1241 
1332 1 1144 1522 363 
1333 1 470 456 471 
1334 1 1085 1385 1287 
1335 1 520 519 65 
1336 1 1255 1610 1316 
1337 1 1041 1352 545 
1338 1 342 52 358 
1339 1 1273 1355 1298 
1340 1 50 327 462 
1341 1 1299 1300 1159 
1342 1 523 1722 1254 
1343 1 345 1524 346 
1344 1 1186 1192 250 
1345 1 439 1450 1185 
1346 1 1341 1447 1134 
1347 1 1317 1518 1099 
1348 1 169 1396 1084 
1349 1 1273 1298 415 
1350 1 160 1197 171 
1351 1 1230 1381 1184 
1352 1 468 458 469 
1353 1 548 1299 1159 
1354 1 1448 1589 1487 
1355 1 1316 1533 1255 
1356 1 90 1215 101 
1357 1 438 1450 439 
1358 1 1099 1576 1317 
1359 1 256 260 257 
1360 1 1312 1780 1589 
1361 1 1365 1547 1261 
1362 1 1325 1591 1190 
1363 1 433 1758 182 
1364 1 338 1308 1152 
1365 1 265 225 266 
1366 1 1189 1190 418 
1367 1 45 257 259 
1368 1 1312 1589 1145 
1369 1 189 196 34 
1370 1 171 1197 170 
1371 1 1363 1705 1121 
1372 1 151 1604 27 
1373 1 1197 1396 170 
1374 1 271 281 280 
1375 1 1057 1549 1534 
1376 1 1451 1609 1567 
1377 1 396 1554 397 
1378 1 266 225 224 
1379 1 190 1391 197 
1380 1 175 1547 1365 
1381 1 331 1314 1284 
1382 1 1129 1371 1097 
1383 1 351 1346 352 
1384 1 1567 1609 1227 
1385 1 1292 1657 419 
1386 1 1221 1646 1321 
1387 1 470 457 456 
1388 1 502 1629 18 
1389 1 278 328 51 
1390 1 1187 1376 1198 
1391 1 160 171 29 
1392 1 1336 1687 383 
1393 1 1629 1716 18 
1394 1 501 500 125 
1395 1 41 40 219 
1396 1 101 7 90 
1397 1 278 277 328 
1398 1 78 1342 1047 
1399 1 1312 1526 1444 
1400 1 431 1416 432 
1401 1 1521 1792 392 
1402 1 1345 1495 1343 
1403 1 1468 1642 1393 
1404 1 472 1366 1271 
1405 1 1428 1429 1030 
1406 1 236 1490 243 
1407 1 432 1758 433 
1408 1 249 1186 250 
1409 1 1544 1598 423 
1410 1 178 1392 33 
1411 1 1097 1371 1163 
1412 1 1052 1495 1453 
1413 1 1135 1611 1349 
1414 1 347 1340 348 
1415 1 491 542 541 
1416 1 1208 1365 1261 
1417 1 1160 1523 1366 
1418 1 1526 1778 1444 
1419 1 191 1391 190 
1420 1 182 1707 433 
1421 1 393 1311 187 
1422 1 1366 1523 1271 
1423 1 344 1663 378 
1424 1 1397 1542 1238 
1425 1 1487 1589 1272 
1426 1 1588 1743 1315 
1427 1 1484 1548 1235 
1428 1 1542 1614 1238 
1429 1 1495 1654 1343 
1430 1 371 1564 1555 
1431 1 1308 1764 1152 
1432 1 516 173 172 
1433 1 545 1352 546 
1434 1 184 1600 404 
1435 1 417 1189 418 
1436 1 1429 1430 1030 
1437 1 1321 1549 1221 
1438 1 1377 1792 1521 
1439 1 382 1798 1336 
1440 1 1391 1579 390 
1441 1 1342 1520 1345 
1442 1 1187 1198 1186 
1443 1 1294 1376 1187 
1444 1 404 1416 405 
1445 1 1430 1433 1199 
1446 1 1436 1437 1240 
1447 1 390 1579 391 
1448 1 1367 1472 1185 
1449 1 468 459 458 
1450 1 1040 1382 1291 
1451 1 210 36 203 
1452 1 232 231 264 
1453 1 1349 1545 1135 
1454 1 1396 1573 1297 
1455 1 319 1338 320 
1456 1 1287 1581 1386 
1457 1 1294 1492 1376 
1458 1 1298 1382 1040 
1459 1 17 1668 119 
1460 1 1413 1495 1052 
1461 1 269 268 283 
1462 1 116 1582 15 
1463 1 54 1687 419 
1464 1 1386 1581 1512 
1465 1 1580 1676 1420 
1466 1 1393 1605 1468 
1467 1 507 1643 1268 
1468 1 33 1392 180 
1469 1 232 264 263 
1470 1 399 1368 1328 
1471 1 1379 1616 105 
1472 1 1388 1464 1280 
1473 1 1197 1573 1396 
1474 1 1494 1770 262 
1475 1 1183 1682 1193 
1476 1 1134 1637 1341 
1477 1 1052 1462 1413 
1478 1 1452 1565 1504 
1479 1 1373 1682 1183 
1480 1 510 1559 511 
1481 1 1555 1564 1314 
1482 1 515 173 516 
1483 1 1089 1474 1455 
1484 1 1324 1582 1243 
1485 1 1378 1541 12 
1486 1 1314 1564 1284 
1487 1 1413 1462 1353 
1488 1 1205 1559 510 
1489 1 1264 1490 236 
1490 1 335 1519 336 
1491 1 391 1521 392 
1492 1 220 1743 1588 
1493 1 363 1522 364 
1494 1 120 122 121 
1495 1 266 224 267 
1496 1 186 1724 394 
1497 1 501 125 124 
1498 1 401 1554 402 
1499 1 1040 1291 1189 
1500 1 486 1693 1211 
1501 1 71 1520 1342 
1502 1 1433 1480 1124 
1503 1 295 1363 296 
1504 1 271 1501 46 
1505 1 1351 1634 1224 
1506 1 1347 1516 1064 
1507 1 1694 1708 51 
1508 1 486 1211 487 
1509 1 1534 1549 1321 
1510 1 262 1718 1494 
1511 1 170 1396 169 
1512 1 356 1652 380 
1513 1 515 174 173 
1514 1 252 1409 253 
1515 1 1106 1358 1293 
1516 1 265 226 225 
1517 1 472 1271 473 
1518 1 1102 1388 1387 
1519 1 477 476 63 
1520 1 1385 1463 1167 
1521 1 187 1617 393 
1522 1 319 1649 1338 
1523 1 1298 1563 1382 
1524 1 524 1562 525 
1525 1 1290 1789 1597 
1526 1 1051 1401 1194 
1527 1 1227 1562 524 
1528 1 243 44 236 
1529 1 380 1603 356 
1530 1 256 261 260 
1531 1 352 1346 1335 
1532 1 1504 1565 1038 
1533 1 216 1505 1346 
1534 1 85 1383 306 
1535 1 1342 1343 1047 
1536 1 1597 1789 1215 
1537 1 1324 1767 1582 
1538 1 1455 1474 1356 
1539 1 82 1679 1389 
1540 1 1204 1639 1555 
1541 1 1409 1682 253 
1542 1 387 1667 388 
1543 1 1275 1355 1104 
1544 1 1306 1373 1183 
1545 1 1280 1646 1388 
1546 1 280 1501 271 
1547 1 306 1383 307 
1548 1 1555 1639 1319 
1549 1 49 1262 300 
1550 1 1064 1631 1347 
1551 1 495 1557 126 
1552 1 1222 1753 1522 
1553 1 1624 1753 1222 
1554 1 284 1713 1618 
1555 1 1685 1701 1647 
1556 1 1199 1628 1430 
1557 1 59 1546 440 
1558 1 404 1702 184 
1559 1 1232 1465 481 
1560 1 1306 1494 1373 
1561 1 1350 1634 1351 
1562 1 1267 1443 1401 
1563 1 1353 1462 1064 
1564 1 354 1230 1184 
1565 1 1540 1676 1279 
1566 1 1396 1613 1084 
1567 1 5 1493 83 
1568 1 12 1379 1378 
1569 1 1432 1480 1433 
1570 1 212 1350 1118 
1571 1 61 1714 440 
1572 1 1618 1713 1422 
1573 1 1147 1513 1356 
1574 1 1488 1798 382 
1575 1 536 1729 521 
1576 1 1319 1639 275 
1577 1 18 1659 502 
1578 1 1216 1764 1309 
1579 1 1309 1672 1216 
1580 1 393 1792 1311 
1581 1 251 1517 1094 
1582 1 278 1708 279 
1583 1 214 1497 38 
1584 1 420 1687 1336 
1585 1 200 1667 201 
1586 1 398 1368 399 
1587 1 1122 1700 1278 
1588 1 1289 1647 1349 
1589 1 1037 1643 507 
1590 1 1518 1709 1099 
1591 1 1100 1408 1282 
1592 1 1335 1741 1497 
1593 1 1279 1676 1266 
1594 1 1064 1516 1353 
1595 1 1061 1735 1327 
1596 1 1178 1519 1081 
1597 1 2 1342 78 
1598 1 1193 1700 1122 
1599 1 1325 1744 1591 
1600 1 1327 1715 1061 
1601 1 549 1684 1267 
1602 1 1195 1379 105 
1603 1 1346 1384 216 
1604 1 1102 1464 1388 
1605 1 1243 1582 116 
1606 1 1589 1780 1272 
1607 1 1432 1442 1120 
1608 1 1190 1591 1292 
1609 1 459 1546 59 
1610 1 62 495 126 
1611 1 256 1718 261 
1612 1 1437 1689 1240 
1613 1 1284 1359 1151 
1614 1 472 1622 1366 
1615 1 1077 1417 1245 
1616 1 1285 1756 1467 
1617 1 126 1557 127 
1618 1 406 1566 407 
1619 1 320 1338 46 
1620 1 1350 1351 1118 
1621 1 1209 1446 1231 
1622 1 1558 1668 118 
1623 1 38 1497 1158 
1624 1 40 1743 219 
1625 1 1222 1522 1144 
1626 1 384 1313 385 
1627 1 359 1539 360 
1628 1 453 460 59 
1629 1 275 1636 1319 
1630 1 1367 1559 1472 
1631 1 162 1484 161 
1632 1 1224 1768 1351 
1633 1 480 1232 481 
1634 1 1305 1778 1526 
1635 1 220 1588 221 
1636 1 118 1668 16 
1637 1 321 1708 322 
1638 1 423 1719 1544 
1639 1 1414 1577 1223 
1640 1 258 1794 259 
1641 1 370 1657 1359 
1642 1 1356 1474 1147 
1643 1 1267 1684 1443 
1644 1 411 1759 56 
1645 1 235 1264 236 
1646 1 1223 1692 1414 
1647 1 549 1267 550 
1648 1 91 1569 8 
1649 1 435 1261 436 
1650 1 255 1718 256 
1651 1 507 1268 508 
1652 1 1385 1748 1463 
1653 1 410 1598 1544 
1654 1 539 1241 540 
1655 1 140 1476 141 
1656 1 21 62 126 
1657 1 1280 1464 529 
1658 1 433 1707 1623 
1659 1 1355 1607 1104 
1660 1 289 1801 290 
1661 1 1267 1401 1051 
1662 1 1329 1578 1207 
1663 1 433 1623 434 
1664 1 1325 1642 1101 
1665 1 1285 1467 326 
1666 1 1194 1401 1371 
1667 1 348 1340 222 
1668 1 1405 1611 1135 
1669 1 1497 1741 1158 
1670 1 1136 1784 1375 
1671 1 62 1500 482 
1672 1 343 1663 344 
1673 1 1304 1455 1356 
1674 1 1497 1730 1335 
1675 1 532 1576 1099 
1676 1 1364 1602 1476 
1677 1 1278 1516 1347 
1678 1 1078 1483 1360 
1679 1 130 1728 24 
1680 1 1274 1662 1594 
1681 1 426 1571 427 
1682 1 112 1784 1136 
1683 1 1234 1538 1465 
1684 1 352 1335 353 
1685 1 1185 1799 1367 
1686 1 47 347 346 
1687 1 1101 1584 1325 
1688 1 1089 1455 1394 
1689 1 1315 1627 1588 
1690 1 264 1635 265 
1691 1 1364 1476 1145 
1692 1 332 1284 1151 
1693 1 1371 1401 1163 
1694 1 1209 1661 1446 
1695 1 528 1280 529 
1696 1 1111 1441 1411 
1697 1 197 1391 198 
1698 1 203 1528 210 
1699 1 1286 1701 1685 
1700 1 1041 1527 1352 
1701 1 418 1292 419 
1702 1 1458 1711 1123 
1703 1 471 1622 472 
1704 1 1207 1677 1329 
1705 1 429 1566 430 
1706 1 148 1602 147 
1707 1 248 1358 1106 
1708 1 277 1525 328 
1709 1 1282 1408 1296 
1710 1 268 1713 283 
1711 1 1326 1489 138 
1712 1 1419 1420 1344 
1713 1 24 1728 134 
1714 1 1057 1704 1549 
1715 1 183 1600 184 
1716 1 244 1568 245 
1717 1 1233 1625 1380 
1718 1 152 1650 153 
1719 1 1388 1646 1221 
1720 1 63 1665 477 
1721 1 59 460 459 
1722 1 355 1539 52 
1723 1 1348 1706 1218 
1724 1 1261 1734 436 
1725 1 415 1298 416 
1726 1 106 1616 1379 
1727 1 341 1694 51 
1728 1 533 1316 534 
1729 1 222 1340 223 
1730 1 50 1653 314 
1731 1 547 1299 548 
1732 1 1170 1382 1171 
1733 1 1328 1655 399 
1734 1 1254 1610 1255 
1735 1 54 1657 370 
1736 1 1420 1676 1608 
1737 1 1208 1777 1365 
1738 1 1233 1651 1625 
1739 1 172 1619 516 
1740 1 1475 1483 1078 
1741 1 384 1595 1313 
1742 1 1114 1615 1405 
1743 1 337 1308 338 
1744 1 1441 1461 1369 
1745 1 493 1407 1114 
1746 1 1411 1483 1475 
1747 1 1109 1403 1372 
1748 1 1352 1527 1360 
1749 1 1120 1480 1432 
1750 1 476 475 496 
1751 1 1358 1552 1293 
1752 1 440 1714 441 
1753 1 1111 1461 1441 
1754 1 246 245 48 
1755 1 386 1341 387 
1756 1 19 121 20 
1757 1 1402 1796 1166 
1758 1 1336 1499 421 
1759 1 189 1596 196 
1760 1 413 1571 414 
1761 1 1411 1475 1111 
1762 1 1203 1594 1449 
1763 1 1123 1408 526 
1764 1 512 1367 1322 
1765 1 1344 1654 1419 
1766 1 63 476 496 
1767 1 1544 1752 411 
1768 1 250 1517 251 
1769 1 1288 1450 438 
1770 1 1049 1651 1233 
1771 1 1467 1756 1320 
1772 1 522 1729 1722 
1773 1 309 1801 1543 
1774 1 488 1477 489 
1775 1 1349 1647 135 
1776 1 1266 1676 1580 
1777 1 1357 1670 1124 
1778 1 1543 1801 289 
1779 1 283 1713 284 
1780 1 527 1408 1100 
1781 1 1206 1787 365 
1782 1 330 1314 331 
1783 1 8 1569 102 
1784 1 394 1724 395 
1785 1 1429 1442 1432 
1786 1 304 1720 305 
1787 1 1049 1674 1651 
1788 1 311 1400 1196 
1789 1 1152 1406 339 
1790 1 1276 1605 1496 
1791 1 1101 1642 1468 
1792 1 1300 1302 1159 
1793 1 1162 1649 319 
1794 1 437 1288 438 
1795 1 1360 1527 1078 
1796 1 115 1417 1077 
1797 1 365 1787 1368 
1798 1 119 1668 1558 
1799 1 284 1618 285 
1800 1 513 1322 1166 
1801 1 328 1525 329 
1802 1 299 1747 246 
1803 1 1323 1405 1135 
1804 1 1356 1513 1269 
1805 1 366 1368 398 
1806 1 1453 1495 1345 
1807 1 543 1805 544 
1808 1 61 1546 468 
1809 1 407 1566 57 
1810 1 1245 1417 1251 
1811 1 327 1467 462 
1812 1 83 1679 82 
1813 1 1523 1693 1138 
1814 1 218 1743 40 
1815 1 1299 1301 1300 
1816 1 1369 1461 1132 
1817 1 1186 1198 1192 
1818 1 464 1320 1216 
1819 1 295 1751 1363 
1820 1 1278 1699 1516 
1821 1 403 1702 404 
1822 1 265 1635 226 
1823 1 298 1552 1358 
1824 1 1472 1559 1509 
1825 1 1170 1690 1382 
1826 1 210 1528 209 
1827 1 399 1655 400 
1828 1 453 1556 460 
1829 1 1124 1703 1357 
1830 1 147 1602 1364 
1831 1 1121 1552 297 
1832 1 120 1716 122 
1833 1 483 1510 484 
1834 1 1405 1776 1114 
1835 1 521 1729 522 
1836 1 80 1751 81 
1837 1 176 1365 1165 
1838 1 56 1759 368 
1839 1 299 246 48 
1840 1 456 1622 471 
1841 1 1479 1711 1458 
1842 1 1373 1494 254 
1843 1 1159 1684 549 
1844 1 259 1794 45 
1845 1 1234 1465 1232 
1846 1 1431 1574 95 
1847 1 1509 1559 1205 
1848 1 1277 1460 1275 
1849 1 485 1503 1138 
1850 1 1374 1692 1211 
1851 1 1190 1292 418 
1852 1 1304 1750 1455 
1853 1 1592 1596 188 
1854 1 1230 1730 1381 
1855 1 1189 1225 1190 
1856 1 1036 1399 1042 
1857 1 1166 1796 514 
1858 1 409 1598 410 
1859 1 95 1782 1431 
1860 1 79 1337 80 
1861 1 246 1747 247 
1862 1 211 1350 212 
1863 1 1447 1606 1134 
1864 1 1429 1432 1430 
1865 1 1129 1778 1371 
1866 1 1360 1675 1352 
1867 1 1349 1611 1289 
1868 1 318 1811 1162 
1869 1 347 1680 1340 
1870 1 322 1708 1694 
1871 1 1085 1399 1385 
1872 1 423 1598 424 
1873 1 230 1660 231 
1874 1 18 1716 120 
1875 1 1037 1767 1740 
1876 1 449 1691 303 
1877 1 531 1576 532 
1878 1 1273 1607 1355 
1879 1 308 1801 309 
1880 1 1594 1662 204 
1881 1 105 1616 10 
1882 1 1572 1712 1640 
1883 1 1448 1487 1056 
1884 1 1397 1811 318 
1885 1 128 1323 1135 
1886 1 1306 1770 1494 
1887 1 462 1467 463 
1888 1 196 1596 195 
1889 1 356 1603 357 
1890 1 1376 1763 1198 
1891 1 1343 1344 1047 
1892 1 1094 1517 1137 
1893 1 1152 1764 1560 
1894 1 1326 1632 1489 
1895 1 1274 1594 1203 
1896 1 181 1707 182 
1897 1 371 1555 372 
1898 1 443 1538 1035 
1899 1 1465 1538 442 
1900 1 1152 1786 1406 
1901 1 1342 1345 1343 
1902 1 1218 1673 1348 
1903 1 445 1710 1226 
1904 1 1337 1363 80 
1905 1 1030 1574 1428 
1906 1 1311 1592 188 
1907 1 316 1542 317 
1908 1 393 1617 394 
1909 1 1387 1491 1102 
1910 1 1042 1399 1085 
1911 1 444 1710 445 
1912 1 213 1354 214 
1913 1 1276 1496 1327 
1914 1 104 1195 105 
1915 1 1394 1478 1089 
1916 1 224 1422 267 
1917 1 197 35 190 
1918 1 1277 1599 1460 
1919 1 291 1645 292 
1920 1 1336 1798 1499 
1921 1 202 1528 203 
1922 1 1145 1589 1364 
1923 1 174 1402 31 
1924 1 47 1561 272 
1925 1 1351 1381 1118 
1926 1 1370 1643 1037 
1927 1 1198 1763 1279 
1928 1 1307 1568 244 
1929 1 223 1422 224 
1930 1 1402 1641 1506 
1931 1 1285 1809 1406 
1932 1 55 1328 384 
1933 1 1208 1261 435 
1934 1 1395 1777 1208 
1935 1 1460 1599 1132 
1936 1 1035 1538 1498 
1937 1 1121 1739 1552 
1938 1 275 1639 276 
1939 1 1105 1576 531 
1940 1 1503 1630 1138 
1941 1 353 1335 1230 
1942 1 1358 1747 298 
1943 1 506 1767 1037 
1944 1 1382 1690 1291 
1945 1 481 1714 61 
1946 1 320 1501 321 
1947 1 1166 1641 1402 
1948 1 219 1743 220 
1949 1 541 1583 491 
1950 1 1212 1797 1205 
1951 1 303 1691 304 
1952 1 1305 1526 1229 
1953 1 1138 1630 1523 
1954 1 137 1701 1326 
1955 1 491 1583 492 
1956 1 1240 1644 1436 
1957 1 1444 1780 1312 
1958 1 57 1566 429 
1959 1 87 1535 88 
1960 1 1701 1793 1326 
1961 1 154 1698 1303 
1962 1 1449 1661 1203 
1963 1 186 1617 187 
1964 1 436 1202 437 
1965 1 1343 1654 1344 
1966 1 1376 1492 1088 
1967 1 1359 1806 370 
1968 1 346 1561 47 
1969 1 1500 1587 482 
1970 1 198 1391 390 
1971 1 1451 1567 1142 
1972 1 104 1207 1195 
1973 1 1621 1698 154 
1974 1 1205 1797 1509 
1975 1 354 1184 355 
1976 1 325 1809 1285 
1977 1 46 1501 320 
1978 1 396 1438 402 
1979 1 1316 1610 534 
1980 1 1372 1403 1174 
1981 1 361 1224 362 
1982 1 1294 1705 1633 
1983 1 479 1774 1049 
1984 1 1124 1670 1433 
1985 1 1198 1266 1192 
1986 1 71 1342 2 
1987 1 494 1557 495 
1988 1 431 1412 405 
1989 1 1123 1711 1408 
1990 1 1174 1403 1201 
1991 1 1407 1615 1114 
1992 1 402 1438 403 
1993 1 1341 1637 387 
1994 1 1440 1473 1136 
1995 1 1496 1605 1172 
1996 1 1524 1561 346 
1997 1 1106 1186 249 
1998 1 1278 1347 1264 
1999 1 251 1093 252 
2000 1 1465 1714 481 
2001 1 1392 1395 1228 
2002 1 139 1039 140 
2003 1 1049 1774 1674 
2004 1 1588 1627 350 
2005 1 1671 1805 1477 
2006 1 434 1208 435 
2007 1 188 1596 189 
2008 1 1363 1751 80 
2009 1 1122 1278 1264 
2010 1 487 1110 488 
2011 1 353 1230 354 
2012 1 1432 1433 1430 
2013 1 468 1546 459 
2014 1 251 1094 1093 
2015 1 1401 1443 1163 
2016 1 180 1392 1228 
2017 1 1294 1739 1705 
2018 1 134 1349 135 
2019 1 1301 1317 1300 
2020 1 1380 1625 1154 
2021 1 1135 1545 129 
2022 1 402 1554 396 
2023 1 1037 1740 1370 
2024 1 1425 1459 1442 
2025 1 1237 1807 287 
2026 1 1039 1145 140 
2027 1 1368 1787 1328 
2028 1 1360 1483 1259 
2029 1 1202 1288 437 
2030 1 287 1807 288 
2031 1 1225 1325 1190 
2032 1 463 1467 1320 
2033 1 1143 1274 1203 
2034 1 296 1121 297 
2035 1 1106 1187 1186 
2036 1 1656 1751 295 
2037 1 445 1090 446 
2038 1 1136 1473 111 
2039 1 84 1570 85 
2040 1 1442 1459 1120 
2041 1 1189 1291 1225 
2042 1 1394 1553 1478 
2043 1 392 1792 393 
2044 1 1320 1560 1216 
2045 1 1293 1294 1187 
2046 1 1213 1439 1410 
2047 1 150 1650 151 
2048 1 473 1265 474 
2049 1 312 1502 313 
2050 1 483 1673 1510 
2051 1 1344 1454 1047 
2052 1 1405 1615 1242 
2053 1 1122 1264 235 
2054 1 1192 1517 250 
2055 1 1110 1191 488 
2056 1 1138 1693 486 
2057 1 1040 1189 417 
2058 1 1140 1414 1048 
2059 1 1322 1742 1166 
2060 1 546 1352 1055 
2061 1 1403 1404 1201 
2062 1 1198 1279 1266 
2063 1 1375 1378 1195 
2064 1 1090 1149 446 
2065 1 1107 1341 386 
2066 1 1411 1441 1410 
2067 1 1275 1697 1355 
2068 1 1384 1627 217 
2069 1 1179 1413 1353 
2070 1 493 1114 494 
2071 1 517 1235 518 
2072 1 1354 1497 214 
2073 1 1367 1799 1322 
2074 1 342 1485 343 
2075 1 1372 1802 1109 
2076 1 226 1660 227 
2077 1 1410 1441 1213 
2078 1 137 1326 138 
2079 1 1283 1321 1281 
2080 1 381 1488 382 
2081 1 499 1666 500 
2082 1 1123 1562 1458 
2083 1 1100 1281 1280 
2084 1 180 1228 181 
2085 1 1410 1439 1256 
2086 1 1194 1305 1229 
2087 1 1094 1127 1126 
2088 1 1100 1280 528 
2089 1 290 1801 308 
2090 1 1127 1419 1180 
2091 1 234 1122 235 
2092 1 248 1106 249 
2093 1 1150 1310 1309 
2094 1 544 1805 1671 
2095 1 1268 1304 1269 
2096 1 1446 1447 1231 
2097 1 1194 1371 1305 
2098 1 1180 1413 1179 
2099 1 422 1719 423 
2100 1 1127 1179 1126 
2101 1 187 1311 188 
2102 1 364 1206 365 
2103 1 332 1151 333 
2104 1 1127 1180 1179 
2105 1 217 1627 1315 
2106 1 497 1348 498 
2107 1 550 1051 551 
2108 1 1256 1439 1050 
2109 1 1094 1126 1093 
2110 1 1304 1356 1269 
2111 1 1048 1414 60 
2112 1 1133 1242 1241 
2113 1 286 1131 287 
2114 1 1434 1435 1176 
2115 1 1056 1421 144 
2116 1 1207 1375 1195 
2117 1 294 1656 295 
2118 1 1213 1441 1369 
2119 1 1137 1419 1127 
2120 1 1282 1283 1281 
2121 1 1238 1811 1397 
2122 1 1083 1459 1425 
2123 1 1479 1550 1296 
2124 1 385 1313 1107 
2125 1 360 1415 361 
2126 1 1173 1372 1174 
2127 1 1211 1692 1223 
2128 1 1295 1297 1283 
2129 1 385 1107 386 
2130 1 1291 1393 1225 
2131 1 331 1284 332 
2132 1 416 1040 417 
2133 1 1179 1353 1181 
2134 1 414 1273 415 
2135 1 1155 1434 1176 
2136 1 1211 1223 1110 
2137 1 1098 1173 1130 
2138 1 1258 1410 1256 
2139 1 318 1162 319 
2140 1 548 1159 549 
2141 1 506 1037 507 
2142 1 1365 1777 1165 
2143 1 1258 1411 1410 
2144 1 511 1367 512 
2145 1 1039 1312 1145 
2146 1 1094 1137 1127 
2147 1 154 1303 155 
2148 1 525 1123 526 
2149 1 416 1298 1040 
2150 1 1282 1295 1283 
2151 1 1117 1423 1141 
2152 1 143 1421 1169 
2153 1 143 1169 142 
2154 1 1173 1174 1130 
2155 1 546 1055 547 
2156 1 508 1033 509 
2157 1 527 1100 528 
2158 1 1426 1442 1429 
2159 1 1303 1334 155 
2160 1 526 1408 527 
2161 1 1137 1420 1419 
2162 1 1530 1567 1219 
2163 1 1435 1437 1436 
2164 1 365 1368 366 
2165 1 1330 1440 1329 
2166 1 253 1373 254 
2167 1 1425 1426 1156 
2168 1 512 1322 513 
2169 1 1425 1442 1426 
2170 1 1390 1423 1117 
2171 1 1100 1282 1281 
2172 1 1113 1425 1156 
2173 1 1378 1379 1195 
2174 1 1116 1390 1117 
2175 1 1191 1748 1671 
2176 1 474 1218 475 
2177 1 1268 1269 1033 
2178 1 1386 1512 1061 
2179 1 1116 1117 1048 
2180 1 336 1150 337 
2181 1 1141 1287 1167 
2182 1 1233 1380 1234 
2183 1 1117 1141 1140 
2184 1 233 1183 234 
2185 1 1435 1436 1176 
2186 1 1426 1429 1428 
2187 1 1257 1258 1256 
2188 1 1194 1229 1161 
2189 1 191 1579 1391 
2190 1 1083 1425 1113 
2191 1 1055 1299 547 
2192 1 247 1358 248 
2193 1 467 1116 1048 
2194 1 1131 1398 1238 
2195 1 1318 1360 1259 
2196 1 1287 1385 1167 
2197 1 92 1199 91 
2198 1 485 1138 486 
2199 1 1141 1167 1140 
2200 1 60 1414 1146 
2201 1 1034 1213 1212 
2202 1 1034 1439 1213 
2203 1 532 1099 533 
2204 1 1426 1428 1427 
2205 1 1049 1233 1232 
2206 1 443 1035 444 
2207 1 145 1056 144 
2208 1 1204 1314 330 
2209 1 538 1133 539 
2210 1 1470 1529 1226 
2211 1 1117 1140 1048 
2212 1 1113 1156 1155 
2213 1 1196 1614 1542 
2214 1 1428 1431 1427 
2215 1 1099 1316 533 
2216 1 317 1397 318 
2217 1 1092 1329 1065 
2218 1 1213 1369 1212 
2219 1 1125 1277 1275 
2220 1 144 1421 143 
2221 1 1233 1234 1232 
2222 1 492 1407 493 
2223 1 420 1336 421 
2224 1 1437 1507 1139 
2225 1 1050 1439 64 
2226 1 111 1473 110 
2227 1 467 1048 60 
2228 1 1426 1427 1156 
2229 1 1179 1181 1126 
2230 1 1255 1256 1050 
2231 1 310 1400 311 
2232 1 1400 1614 1196 
2233 1 339 1406 340 
2234 1 1098 1130 1129 
2235 1 1345 1520 1453 
2236 1 329 1204 330 
2237 1 325 1285 326 
2238 1 1333 1440 1330 
2239 1 60 1146 454 
2240 1 479 1049 480 
2241 1 64 1034 510 
2242 1 112 1136 111 
2243 1 1174 1201 1182 
2244 1 1332 1333 1330 
2245 1 65 1219 524 
2246 1 1049 1232 480 
2247 1 1054 1061 1059 
2248 1 463 1320 464 
2249 1 311 1196 312 
2250 1 372 1319 373 
2251 1 1092 1330 1329 
2252 1 513 1166 514 
2253 1 209 1339 208 
2254 1 145 1448 1056 
2255 1 1156 1434 1155 
2256 1 1034 1212 1205 
2257 1 64 1439 1034 
2258 1 1150 1309 1308 
2259 1 464 1216 465 
2260 1 326 1467 327 
2261 1 206 1449 205 
2262 1 338 1152 339 
2263 1 1096 1098 1097 
2264 1 1133 1289 1242 
2265 1 1155 1176 1175 
2266 1 1339 1445 208 
2267 1 487 1211 1110 
2268 1 395 1438 396 
2269 1 1219 1227 524 
2270 1 544 1036 545 
2271 1 208 1445 207 
2272 1 1079 1449 206 
2273 1 1034 1205 510 
2274 1 207 1445 1079 
2275 1 1240 1290 1149 
2276 1 322 1694 323 
2277 1 1093 1424 1409 
2278 1 207 1079 206 
2279 1 1087 1096 1095 
2280 1 1108 1172 1170 
2281 1 1282 1296 1295 
2282 1 1128 1210 1164 
2283 1 1106 1293 1187 
2284 1 362 1143 363 
2285 1 1257 1259 1258 
2286 1 1150 1308 337 
2287 1 99 1139 98 
2288 1 164 1142 163 
2289 1 1125 1275 1104 
2290 1 1093 1409 252 
2291 1 1427 1434 1156 
2292 1 146 1448 145 
2293 1 334 1031 335 
2294 1 1083 1113 1112 
2295 1 1331 1332 1330 
2296 1 1347 1490 1264 
2297 1 1045 1054 1053 
2298 1 1113 1155 1153 
2299 1 550 1267 1051 
2300 1 1417 1418 1251 
2301 1 1042 1045 1044 
2302 1 1131 1238 1237 
2303 1 1054 1059 1058 
2304 1 1036 1042 1041 
2305 1 1076 1083 1082 
2306 1 1174 1182 1130 
2307 1 1042 1085 1045 
2308 1 1036 1041 545 
2309 1 94 1030 93 
2310 1 1060 1461 1111 
2311 1 1063 1461 1060 
2312 1 1255 1257 1256 
2313 1 439 1103 58 
2314 1 1119 1132 1063 
2315 1 1210 1236 1164 
2316 1 1364 1448 146 
2317 1 156 1043 157 
2318 1 530 1087 1086 
2319 1 1031 1128 1081 
2320 1 239 1052 238 
2321 1 1137 1580 1420 
2322 1 309 1543 310 
2323 1 1031 1468 1128 
2324 1 1042 1044 1041 
2325 1 1110 1463 1191 
2326 1 1045 1053 1044 
2327 1 1128 1164 1081 
2328 1 1128 1276 1210 
2329 1 1054 1058 1053 
2330 1 1201 1272 1182 
2331 1 523 1050 64 
2332 1 1051 1161 551 
2333 1 165 1451 164 
2334 1 78 1047 77 
2335 1 1223 1463 1110 
2336 1 97 1046 96 
2337 1 1323 1776 1405 
2338 1 102 1357 103 
2339 1 147 1364 146 
2340 1 1103 1125 1104 
2341 1 1098 1129 1097 
2342 1 1060 1111 1058 
2343 1 77 1454 76 
2344 1 1224 1515 362 
2345 1 1355 1563 1298 
2346 1 1059 1060 1058 
2347 1 76 1091 75 
2348 1 1143 1203 1144 
2349 1 1132 1599 1369 
2350 1 1155 1175 1153 
2351 1 1031 1081 335 
2352 1 1276 1327 1210 
2353 1 238 1453 237 
2354 1 1090 1240 1149 
2355 1 1445 1446 1079 
2356 1 1247 1452 1249 
2357 1 1164 1178 1081 
2358 1 164 1451 1142 
2359 1 168 1456 167 
2360 1 1087 1102 1096 
2361 1 315 1502 316 
2362 1 169 1084 168 
2363 1 441 1465 442 
2364 1 1051 1194 1161 
2365 1 1113 1153 1112 
2366 1 1076 1459 1083 
2367 1 1062 1063 1060 
2368 1 45 1270 244 
2369 1 1059 1062 1060 
2370 1 158 1057 159 
2371 1 1130 1444 1129 
2372 1 167 1457 166 
2373 1 508 1268 1033 
2374 1 1263 1361 1148 
2375 1 240 1462 239 
2376 1 1096 1097 1095 
2377 1 1071 1120 1074 
2378 1 1083 1112 1082 
2379 1 1245 1251 1247 
2380 1 1247 1249 1248 
2381 1 1103 1104 58 
2382 1 1092 1331 1330 
2383 1 1033 1200 509 
2384 1 530 1086 531 
2385 1 166 1177 165 
2386 1 1132 1461 1063 
2387 1 1087 1095 1086 
2388 1 1115 1147 1080 
2389 1 1263 1362 1361 
2390 1 156 1109 1043 
2391 1 1119 1460 1132 
2392 1 1108 1119 1063 
2393 1 1146 1160 454 
2394 1 46 1338 258 
2395 1 1260 1318 1259 
2396 1 1115 1188 1148 
2397 1 334 1101 1031 
2398 1 316 1785 1542 
2399 1 369 1217 53 
2400 1 473 1271 1265 
2401 1 1203 1209 1144 
2402 1 1062 1108 1063 
2403 1 1170 1171 1119 
2404 1 1052 1453 238 
2405 1 1146 1374 1160 
2406 1 1259 1483 1258 
2407 1 1047 1454 77 
2408 1 1251 1452 1247 
2409 1 292 1389 293 
2410 1 1153 1154 1112 
2411 1 103 1032 9 
2412 1 517 1484 1235 
2413 1 439 1185 1103 
2414 1 1182 1444 1130 
2415 1 76 1454 1091 
2416 1 1188 1263 1148 
2417 1 241 1064 240 
2418 1 1075 1089 1073 
2419 1 109 1038 108 
2420 1 1270 1307 244 
2421 1 1098 1491 1173 
2422 1 239 1462 1052 
2423 1 1070 1072 1068 
2424 1 1115 1148 1147 
2425 1 233 1306 1183 
2426 1 1209 1231 1222 
2427 1 1171 1460 1119 
2428 1 1257 1260 1259 
2429 1 1131 1237 287 
2430 1 369 1239 1217 
2431 1 1120 1459 1074 
2432 1 1254 1255 1050 
2433 1 1101 1468 1031 
2434 1 1637 1667 387 
2435 1 1076 1082 1080 
2436 1 445 1226 1090 
2437 1 1143 1144 363 
2438 1 1133 1241 539 
2439 1 1108 1170 1119 
2440 1 1032 1065 9 
2441 1 1082 1115 1080 
2442 1 370 1564 371 
2443 1 1128 1468 1276 
2444 1 1074 1076 1075 
2445 1 1111 1475 1058 
2446 1 1333 1473 1440 
2447 1 1089 1478 1073 
2448 1 1126 1424 1093 
2449 1 1177 1451 165 
2450 1 1074 1459 1076 
2451 1 1084 1456 168 
2452 1 1456 1457 167 
2453 1 1053 1078 1044 
2454 1 73 1088 72 
2455 1 1175 1470 1469 
2456 1 523 1254 1050 
2457 1 1069 1480 1071 
2458 1 1058 1475 1053 
2459 1 1076 1080 1075 
2460 1 1097 1163 1095 
2461 1 201 1134 202 
2462 1 1220 1387 1221 
2463 1 1066 1092 1065 
2464 1 1103 1472 1125 
2465 1 1112 1466 1082 
2466 1 1603 1663 1485 
2467 1 1086 1105 531 
2468 1 166 1457 1177 
2469 1 1115 1466 1188 
2470 1 1074 1075 1073 
2471 1 1071 1074 1073 
2472 1 66 1286 538 
2473 1 1175 1469 1153 
2474 1 1082 1466 1115 
2475 1 1154 1466 1112 
2476 1 1402 1506 31 
2477 1 1249 1481 1248 
2478 1 1597 1712 1572 
2479 1 1064 1462 240 
2480 1 1124 1480 1069 
2481 1 1209 1222 1144 
2482 1 1153 1469 1154 
2483 1 1430 1628 1030 
2484 1 231 1635 264 
2485 1 1247 1248 1246 
2486 1 1181 1424 1126 
2487 1 1071 1073 1070 
2488 1 1147 1474 1080 
2489 1 128 1135 129 
2490 1 1457 1458 1177 
2491 1 127 1323 128 
2492 1 1032 1066 1065 
2493 1 1387 1388 1221 
2494 1 1043 1157 157 
2495 1 1252 1394 1253 
2496 1 1394 1455 1253 
2497 1 1150 1519 1310 
2498 1 1075 1474 1089 
2499 1 1069 1071 1070 
2500 1 1245 1247 1246 
2501 1 509 1665 63 
2502 1 1335 1730 1230 
2503 1 1053 1475 1078 
2504 1 1362 1774 1551 
2505 1 1066 1482 1092 
2506 1 1067 1124 1069 
2507 1 1185 1472 1103 
2508 1 1246 1471 1244 
2509 1 1092 1482 1331 
2510 1 1193 1795 1183 
2511 1 1080 1474 1075 
2512 1 1071 1480 1120 
2513 1 1258 1483 1411 
2514 1 1590 1689 1139 
2515 1 1043 1220 1157 
2516 1 1069 1070 1068 
2517 1 341 1749 323 
2518 1 85 1570 1383 
2519 1 404 1600 1416 
2520 1 1364 1589 1448 
2521 1 1070 1478 1072 
2522 1 1220 1221 1157 
2523 1 497 1706 1348 
2524 1 1032 1067 1066 
2525 1 1073 1478 1070 
2526 1 340 1809 1749 
2527 1 373 1636 374 
2528 1 1478 1553 1072 
2529 1 1456 1479 1457 
2530 1 1377 1592 1311 
2531 1 349 1588 350 
2532 1 1072 1482 1068 
2533 1 1236 1581 1423 
2534 1 1434 1514 1435 
2535 1 1102 1491 1096 
2536 1 109 1486 1038 
2537 1 1067 1069 1068 
2538 1 1406 1809 340 
2539 1 1077 1245 1244 
2540 1 37 1168 211 
2541 1 1062 1496 1108 
2542 1 1283 1534 1321 
2543 1 1122 1795 1193 
2544 1 1457 1479 1458 
2545 1 1067 1068 1066 
2546 1 323 1749 324 
2547 1 379 1663 1603 
2548 1 115 1077 116 
2549 1 1239 1752 1544 
2550 1 1178 1736 1390 
2551 1 1346 1741 1335 
2552 1 1068 1482 1066 
2553 1 243 1490 242 
2554 1 1253 1370 1250 
2555 1 448 1691 449 
2556 1 1431 1514 1427 
2557 1 114 1417 115 
2558 1 1248 1481 1252 
2559 1 114 1765 1417 
2560 1 194 1377 193 
2561 1 1416 1600 432 
2562 1 177 1731 32 
2563 1 1201 1487 1272 
2564 1 1248 1250 1246 
2565 1 362 1515 1143 
2566 1 1139 1507 98 
2567 1 1540 1601 74 
2568 1 51 1708 278 
2569 1 110 1486 109 
2570 1 429 1511 57 
2571 1 1245 1246 1244 
2572 1 1248 1252 1250 
2573 1 1436 1529 1176 
2574 1 1404 1487 1201 
2575 1 1375 1578 1136 
2576 1 1463 1577 1167 
2577 1 1252 1253 1250 
2578 1 1398 1696 1307 
2579 1 212 1118 213 
2580 1 97 1507 1046 
2581 1 32 1731 179 
2582 1 1381 1678 1184 
2583 1 1199 1569 91 
2584 1 138 1489 139 
2585 1 1635 1660 226 
2586 1 1096 1491 1098 
2587 1 1191 1671 1477 
2588 1 3 1214 79 
2589 1 1145 1476 140 
2590 1 1508 1585 1404 
2591 1 276 1525 277 
2592 1 176 1165 177 
2593 1 1217 1488 53 
2594 1 1333 1486 1473 
2595 1 1109 1508 1403 
2596 1 1061 1761 1386 
2597 1 1472 1509 1125 
2598 1 1215 1789 101 
2599 1 1473 1486 110 
2600 1 175 1365 176 
2601 1 21 1500 62 
2602 1 1244 1471 1324 
2603 1 1154 1788 1380 
2604 1 263 1755 232 
2605 1 1361 1513 1148 
2606 1 1551 1774 478 
2607 1 1386 1761 1085 
2608 1 48 1568 286 
2609 1 310 1543 1400 
2610 1 1180 1495 1413 
2611 1 185 1724 186 
2612 1 1168 1350 211 
2613 1 1460 1697 1275 
2614 1 374 1636 274 
2615 1 1752 1759 411 
2616 1 1250 1471 1246 
2617 1 1420 1608 1344 
2618 1 1486 1504 1038 
2619 1 1211 1693 1374 
2620 1 1398 1811 1238 
2621 1 1453 1520 237 
2622 1 1108 1496 1172 
2623 1 1550 1613 1295 
2624 1 254 1494 255 
2625 1 1582 1767 505 
2626 1 1214 1337 79 
2627 1 47 1680 347 
2628 1 1118 1354 213 
2629 1 81 1656 4 
2630 1 1044 1527 1041 
2631 1 535 1729 536 
2632 1 1175 1529 1470 
2633 1 501 1629 502 
2634 1 1380 1498 1234 
2635 1 75 1540 74 
2636 1 1333 1504 1486 
2637 1 1440 1578 1329 
2638 1 1237 1614 1400 
2639 1 1255 1533 1257 
2640 1 72 1727 3 
2641 1 293 1683 294 
2642 1 1526 1762 1229 
2643 1 163 1548 162 
2644 1 1143 1515 1274 
2645 1 38 1158 215 
2646 1 15 1582 504 
2647 1 1118 1381 1354 
2648 1 1417 1765 1418 
2649 1 106 1379 12 
2650 1 1370 1471 1250 
2651 1 1203 1661 1209 
2652 1 1239 1499 1217 
2653 1 329 1525 1204 
2654 1 217 1315 218 
2655 1 421 1499 422 
2656 1 1403 1508 1404 
2657 1 406 1412 430 
2658 1 1443 1537 1163 
2659 1 1423 1581 1141 
2660 1 1433 1670 1199 
2661 1 1332 1504 1333 
2662 1 84 1733 1570 
2663 1 39 1505 216 
2664 1 98 1507 97 
2665 1 1309 1764 1308 
2666 1 1173 1612 1372 
2667 1 1125 1509 1277 
2668 1 1163 1537 1095 
2669 1 484 1503 485 
2670 1 1585 1775 1404 
2671 1 498 1587 499 
2672 1 1169 1586 142 
2673 1 1252 1553 1394 
2674 1 1 1520 71 
2675 1 1506 1547 31 
2676 1 1369 1599 1212 
2677 1 1172 1605 1393 
2678 1 1086 1537 1105 
2679 1 1208 1623 1395 
2680 1 1244 1324 1243 
2681 1 397 1554 401 
2682 1 90 1712 1215 
2683 1 511 1559 1367 
2684 1 1353 1516 1181 
2685 1 380 1652 381 
2686 1 381 1652 1488 
2687 1 205 1594 204 
2688 1 1427 1514 1434 
2689 1 1535 1720 1691 
2690 1 1374 1693 1523 
2691 1 357 1603 1485 
2692 1 1148 1513 1147 
2693 1 1382 1563 1171 
2694 1 1204 1555 1314 
2695 1 1456 1550 1479 
2696 1 216 1384 217 
2697 1 1381 1730 1354 
2698 1 1299 1688 1301 
2699 1 1377 1521 193 
2700 1 1301 1518 1317 
2701 1 1423 1736 1236 
2702 1 436 1734 1202 
2703 1 460 1556 461 
2704 1 1140 1577 1414 
2705 1 1319 1636 373 
2706 1 1062 1715 1496 
2707 1 99 1590 1139 
2708 1 1647 1701 136 
2709 1 364 1522 1206 
2710 1 192 1579 191 
2711 1 1077 1244 1243 
2712 1 58 1607 426 
2713 1 1281 1646 1280 
2714 1 237 1520 1 
2715 1 193 1521 192 
2716 1 313 1502 315 
2717 1 383 1687 54 
2718 1 1084 1613 1550 
2719 1 336 1519 1150 
2720 1 1530 1732 1567 
2721 1 49 1653 1262 
2722 1 215 1505 39 
2723 1 1344 1608 1454 
2724 1 1390 1781 1178 
2725 1 1296 1550 1295 
2726 1 1348 1587 498 
2727 1 525 1562 1123 
2728 1 1231 1624 1222 
2729 1 1057 1754 159 
2730 1 3 1727 1214 
2731 1 1517 1580 1137 
2732 1 92 1628 1199 
2733 1 233 1755 1306 
2734 1 1290 1689 1590 
2735 1 503 1558 117 
2736 1 1290 1597 1149 
2737 1 232 1755 233 
2738 1 1431 1782 1514 
2739 1 1341 1664 1447 
2740 1 1446 1606 1447 
2741 1 1039 1526 1312 
2742 1 1329 1677 1065 
2743 1 377 1524 345 
2744 1 1310 1536 1309 
2745 1 1077 1243 116 
2746 1 1445 1606 1446 
2747 1 544 1671 1036 
2748 1 1191 1477 488 
2749 1 1279 1601 1540 
2750 1 1443 1684 1302 
2751 1 1476 1602 141 
2752 1 441 1714 1465 
2753 1 1374 1523 1160 
2754 1 1030 1628 93 
2755 1 231 1660 1635 
2756 1 1055 1688 1299 
2757 1 1274 1745 1662 
2758 1 1176 1529 1175 
2759 1 134 1545 1349 
2760 1 534 1722 535 
2761 1 1297 1534 1283 
2762 1 1151 1744 333 
2763 1 1496 1715 1327 
2764 1 1078 1527 1044 
2765 1 1347 1631 1490 
2766 1 73 1601 1088 
2767 1 178 1638 1392 
2768 1 440 1546 61 
2769 1 1131 1696 1398 
2770 1 1265 1630 1503 
2771 1 274 1636 275 
2772 1 412 1511 428 
2773 1 1414 1692 1146 
2774 1 1505 1741 1346 
2775 1 1257 1533 1260 
2776 1 1393 1690 1172 
2777 1 410 1544 411 
2778 1 518 1773 519 
2779 1 1570 1645 1383 
2780 1 1311 1792 1377 
2781 1 499 1587 1500 
2782 1 201 1637 1134 
2783 1 31 1547 175 
2784 1 1450 1742 1322 
2785 1 1570 1733 1389 
2786 1 123 1716 1629 
2787 1 52 1539 359 
2788 1 1340 1680 1618 
2789 1 1061 1715 1059 
2790 1 129 1545 130 
2791 1 1054 1761 1061 
2792 1 317 1542 1397 
2793 1 122 1716 123 
2794 1 1235 1530 518 
2795 1 442 1538 443 
2796 1 1225 1642 1325 
2797 1 1095 1537 1086 
2798 1 1679 1683 293 
2799 1 1158 1505 215 
2800 1 484 1510 1503 
2801 1 1091 1540 75 
2802 1 1288 1742 1450 
2803 1 1575 1576 1105 
2804 1 1446 1661 1079 
2805 1 1553 1593 1072 
2806 1 1371 1778 1305 
2807 1 288 1543 289 
2808 1 160 1754 1197 
2809 1 504 1582 505 
2810 1 1216 1672 465 
2811 1 96 1782 95 
2812 1 1210 1735 1236 
2813 1 272 1561 376 
2814 1 241 1631 1064 
2815 1 1389 1679 293 
2816 1 1142 1548 163 
2817 1 452 1721 453 
2818 1 24 1532 131 
2819 1 1085 1761 1045 
2820 1 1177 1609 1451 
2821 1 538 1685 1133 
2822 1 1090 1644 1240 
2823 1 1236 1736 1164 
2824 1 1622 1760 1366 
2825 1 1409 1700 1193 
2826 1 1251 1565 1452 
2827 1 1334 1585 1508 
2828 1 267 1713 268 
2829 1 1500 1666 499 
2830 1 1337 1705 1363 
2831 1 1408 1711 1296 
2832 1 1154 1625 1466 
2833 1 95 1574 94 
2834 1 94 1574 1030 
2835 1 408 1531 425 
2836 1 1286 1685 538 
2837 1 1359 1591 1151 
2838 1 1221 1549 1157 
2839 1 477 1551 478 
2840 1 361 1768 1224 
2841 1 357 1769 358 
2842 1 378 1663 379 
2843 1 1514 1782 1046 
2844 1 1389 1733 82 
2845 1 1612 1802 1372 
2846 1 1556 1721 1262 
2847 1 1087 1737 1102 
2848 1 1525 1639 1204 
2849 1 1084 1550 1456 
2850 1 297 1552 298 
2851 1 1300 1575 1302 
2852 1 150 1621 153 
2853 1 1182 1780 1444 
2854 1 157 1704 158 
2855 1 1488 1652 53 
2856 1 351 1627 1384 
2857 1 117 1808 503 
2858 1 1109 1802 1043 
2859 1 1504 1757 1452 
2860 1 1606 1779 1134 
2861 1 1242 1611 1405 
2862 1 194 1592 1377 
2863 1 1334 1681 155 
2864 1 26 1698 149 
2865 1 1231 1664 1624 
2866 1 1415 1768 361 
2867 1 372 1555 1319 
2868 1 1418 1565 1251 
2869 1 1180 1654 1495 
2870 1 1102 1737 1464 
2871 1 1072 1593 1482 
2872 1 430 1566 406 
2873 1 1590 1789 1290 
2874 1 1038 1717 108 
2875 1 1490 1631 242 
2876 1 101 1789 100 
2877 1 1067 1703 1124 
2878 1 155 1681 156 
2879 1 1334 1804 1585 
2880 1 1313 1753 1624 
2881 1 149 1621 150 
2882 1 261 1718 262 
2883 1 1238 1614 1237 
2884 1 12 1541 13 
2885 1 1297 1573 1534 
2886 1 103 1703 1032 
2887 1 1139 1689 1437 
2888 1 139 1762 1039 
2889 1 1366 1760 1160 
2890 1 1241 1615 1407 
2891 1 1512 1735 1061 
2892 1 1390 1736 1423 
2893 1 503 1808 504 
2894 1 245 1568 48 
2895 1 104 1677 1207 
2896 1 9 1677 104 
2897 1 1136 1578 1440 
2898 1 1424 1700 1409 
2899 1 1455 1750 1253 
2900 1 1498 1538 1234 
2901 1 315 1620 313 
2902 1 1357 1703 103 
2903 1 1463 1748 1191 
2904 1 1167 1577 1140 
2905 1 142 1586 26 
2906 1 1157 1704 157 
2907 1 158 1704 1057 
2908 1 489 1805 543 
2909 1 1219 1567 1227 
2910 1 253 1682 1373 
2911 1 1296 1711 1479 
2912 1 117 1558 118 
2913 1 1149 1572 446 
2914 1 1200 1665 509 
2915 1 496 1706 497 
2916 1 1236 1735 1512 
2917 1 107 1765 14 
2918 1 1370 1750 1643 
2919 1 1512 1581 1236 
2920 1 1573 1754 1057 
2921 1 502 1659 503 
2922 1 1400 1807 1237 
2923 1 1481 1553 1252 
2924 1 1266 1580 1192 
2925 1 461 1746 50 
2926 1 1671 1748 1399 
2927 1 1099 1709 1316 
2928 1 340 1749 341 
2929 1 455 1760 1622 
2930 1 434 1623 1208 
2931 1 333 1584 334 
2932 1 1196 1785 312 
2933 1 446 1572 447 
2934 1 1317 1575 1300 
2935 1 102 1569 1357 
2936 1 427 1571 413 
2937 1 1438 1702 403 
2938 1 292 1645 1570 
2939 1 1640 1712 89 
2940 1 1514 1723 1435 
2941 1 1755 1770 1306 
2942 1 1088 1763 1376 
2943 1 298 1747 299 
2944 1 124 1629 501 
2945 1 516 1619 517 
2946 1 1428 1574 1431 
2947 1 1307 1648 1398 
2948 1 292 1570 1389 
2949 1 127 1557 1323 
2950 1 1033 1626 1200 
2951 1 1418 1765 107 
2952 1 1585 1804 1169 
2953 1 540 1583 541 
2954 1 153 1650 150 
2955 1 1489 1762 139 
2956 1 1141 1581 1287 
2957 1 1202 1641 1288 
2958 1 1297 1613 1396 
2959 1 1530 1773 518 
2960 1 492 1583 1407 
2961 1 57 1531 407 
2962 1 1421 1585 1169 
2963 1 209 1528 1339 
2964 1 1317 1576 1575 
2965 1 1626 1803 1200 
2966 1 1223 1577 1463 
2967 1 1499 1798 1217 
2968 1 1260 1709 1518 
2969 1 1477 1805 489 
2970 1 1229 1632 1161 
2971 1 1331 1658 1332 
2972 1 334 1584 1101 
2973 1 1516 1699 1181 
2974 1 529 1737 530 
2975 1 376 1561 1524 
2976 1 1207 1578 1375 
2977 1 1481 1593 1553 
2978 1 1560 1786 1152 
2979 1 1036 1671 1399 
2980 1 333 1744 1584 
2981 1 1422 1713 267 
2982 1 475 1706 496 
2983 1 1171 1697 1460 
2984 1 1618 1680 285 
2985 1 195 1592 194 
2986 1 113 1541 1378 
2987 1 1610 1722 534 
2988 1 465 1672 466 
2989 1 100 1590 99 
2990 1 185 1702 1438 
2991 1 1533 1709 1260 
2992 1 551 1726 66 
2993 1 89 1712 90 
2994 1 1489 1632 1229 
2995 1 1449 1594 205 
2996 1 350 1627 351 
2997 1 1351 1678 1381 
2998 1 504 1808 15 
2999 1 1519 1781 1310 
3000 1 1269 1626 1033 
3001 1 1291 1690 1393 
3002 1 10 1616 11 
3003 1 1510 1673 1218 
3004 1 1491 1612 1173 
3005 1 1162 1811 1648 
3006 1 204 1662 37 
3007 1 379 1603 380 
3008 1 1226 1710 1470 
3009 1 1322 1799 1450 
3010 1 1161 1726 551 
3011 1 1438 1724 185 
3012 1 1318 1675 1360 
3013 1 370 1806 1564 
3014 1 74 1601 73 
3015 1 360 1686 1415 
3016 1 1114 1776 494 
3017 1 1492 1633 1214 
3018 1 1565 1717 1038 
3019 1 1295 1613 1297 
3020 1 1339 1606 1445 
3021 1 1091 1676 1540 
3022 1 1284 1806 1359 
3023 1 152 1604 151 
3024 1 1658 1757 1332 
3025 1 1503 1766 1265 
3026 1 1242 1615 1241 
3027 1 153 1621 154 
3028 1 1370 1740 1471 
3029 1 1482 1593 1331 
3030 1 1539 1686 360 
3031 1 1289 1611 1242 
3032 1 515 1796 174 
3033 1 30 1669 172 
3034 1 424 1598 409 
3035 1 123 1629 124 
3036 1 1104 1607 58 
3037 1 1229 1762 1489 
3038 1 1235 1732 1530 
3039 1 1458 1609 1177 
3040 1 1638 1731 1165 
3041 1 45 1695 1270 
3042 1 1046 1723 1514 
3043 1 1468 1605 1276 
3044 1 88 1640 89 
3045 1 1552 1739 1293 
3046 1 1395 1623 1228 
3047 1 300 1721 452 
3048 1 1591 1657 1292 
3049 1 494 1776 1557 
3050 1 1158 1741 1505 
3051 1 447 1790 448 
3052 1 1436 1644 1529 
3053 1 1316 1709 1533 
3054 1 1220 1612 1387 
3055 1 1313 1624 1107 
3056 1 1607 1810 426 
3057 1 27 1604 28 
3058 1 1454 1608 1091 
3059 1 1359 1657 1591 
3060 1 1184 1678 1415 
3061 1 517 1619 1484 
3062 1 119 1659 18 
3063 1 477 1665 1551 
3064 1 1510 1766 1503 
3065 1 1192 1580 1517 
3066 1 312 1785 1502 
3067 1 1756 1786 1560 
3068 1 1521 1579 192 
3069 1 1107 1664 1341 
3070 1 1214 1633 1337 
3071 1 1262 1721 300 
3072 1 1548 1732 1235 
3073 1 455 1622 456 
3074 1 49 1620 314 
3075 1 391 1579 1521 
3076 1 1534 1573 1057 
3077 1 1506 1641 1202 
3078 1 395 1724 1438 
3079 1 1506 1734 1547 
3080 1 1421 1775 1585 
3081 1 1586 1698 26 
3082 1 1361 1803 1626 
3083 1 1406 1786 1285 
3084 1 474 1766 1218 
3085 1 368 1752 369 
3086 1 1271 1630 1265 
3087 1 93 1628 92 
3088 1 179 1638 178 
3089 1 107 1717 1418 
3090 1 1464 1737 529 
3091 1 394 1617 186 
3092 1 1623 1707 1228 
3093 1 1361 1626 1513 
3094 1 242 1631 241 
3095 1 141 1602 148 
3096 1 1492 1727 1088 
3097 1 1466 1625 1188 
3098 1 1387 1612 1491 
3099 1 1268 1643 1304 
3100 1 1165 1791 1638 
3101 1 1393 1642 1225 
3102 1 1740 1767 1324 
3103 1 1435 1723 1437 
3104 1 1302 1684 1159 
3105 1 1321 1646 1281 
3106 1 1625 1651 1188 
3107 1 1184 1686 355 
3108 1 1419 1654 1180 
3109 1 1348 1783 1587 
3110 1 1523 1630 1271 
3111 1 1508 1681 1334 
3112 1 1415 1686 1184 
3113 1 1513 1626 1269 
3114 1 1289 1685 1647 
3115 1 1218 1766 1510 
3116 1 55 1655 1328 
3117 1 419 1687 420 
3118 1 1193 1682 1409 
3119 1 1543 1807 1400 
3120 1 1226 1644 1090 
3121 1 135 1647 136 
3122 1 1404 1775 1487 
3123 1 519 1773 65 
3124 1 466 1672 1536 
3125 1 4 1493 5 
3126 1 1355 1697 1563 
3127 1 1487 1775 1056 
3128 1 87 1720 1535 
3129 1 65 1773 1219 
3130 1 1340 1618 223 
3131 1 1260 1800 1318 
3132 1 82 1733 6 
3133 1 11 1616 106 
3134 1 1178 1781 1519 
3135 1 454 1760 455 
3136 1 53 1652 356 
3137 1 453 1721 1556 
3138 1 1648 1811 1398 
3139 1 234 1795 1122 
3140 1 503 1659 1558 
3141 1 1352 1675 1055 
3142 1 1214 1727 1492 
3143 1 1188 1651 1263 
3144 1 1392 1791 1395 
3145 1 1270 1648 1307 
3146 1 1220 1802 1612 
3147 1 184 1702 185 
3148 1 1169 1804 1586 
3149 1 1105 1725 1575 
3150 1 1168 1634 1350 
3151 1 1469 1788 1154 
3152 1 414 1810 1273 
3153 1 1079 1661 1449 
3154 1 1691 1720 304 
3155 1 1599 1797 1212 
3156 1 285 1680 47 
3157 1 1447 1664 1231 
3158 1 113 1784 112 
3159 1 1651 1674 1263 
3160 1 1249 1658 1481 
3161 1 1294 1633 1492 
3162 1 1202 1734 1506 
3163 1 1600 1758 432 
3164 1 1302 1725 1443 
3165 1 151 1650 152 
3166 1 1228 1707 181 
3167 1 1399 1748 1385 
3168 1 161 1669 30 
3169 1 286 1696 1131 
3170 1 400 1655 55 
3171 1 323 1694 341 
3172 1 1065 1677 9 
3173 1 500 1666 125 
3174 1 1249 1757 1658 
3175 1 159 1754 160 
3176 1 21 1666 1500 
3177 1 1556 1746 461 
3178 1 223 1618 1422 
3179 1 1263 1674 1362 
3180 1 1183 1795 234 
3181 1 388 1667 200 
3182 1 1146 1692 1374 
3183 1 1172 1690 1170 
3184 1 125 1666 21 
3185 1 482 1783 483 
3186 1 1493 1683 1679 
3187 1 1160 1760 454 
3188 1 1224 1634 1515 
3189 1 227 1660 230 
3190 1 156 1681 1109 
3191 1 1624 1664 1107 
3192 1 136 1701 137 
3193 1 1199 1670 1569 
3194 1 108 1717 107 
3195 1 1035 1710 444 
3196 1 307 1645 291 
3197 1 1240 1689 1290 
3198 1 466 1772 467 
3199 1 1339 1779 1606 
3200 1 1265 1766 474 
3201 1 405 1416 431 
3202 1 1293 1739 1294 
3203 1 314 1653 49 
3204 1 1437 1723 1507 
3205 1 1218 1706 475 
3206 1 1601 1763 1088 
3207 1 1738 1772 1536 
3208 1 1484 1669 161 
3209 1 1133 1685 1289 
3210 1 1338 1695 258 
3211 1 16 1668 17 
3212 1 1326 1726 1632 
3213 1 182 1758 183 
3214 1 247 1747 1358 
3215 1 1059 1715 1062 
3216 1 514 1796 515 
3217 1 1562 1609 1458 
3218 1 1470 1710 1035 
3219 1 1149 1597 1572 
3220 1 201 1667 1637 
3221 1 1109 1681 1508 
3222 1 1648 1649 1162 
3223 1 1056 1775 1421 
3224 1 1227 1609 1562 
3225 1 37 1662 1168 
3226 1 1206 1753 1595 
3227 1 342 1769 1485 
3228 1 505 1767 506 
3229 1 1181 1699 1424 
3230 1 1328 1595 384 
3231 1 1032 1703 1067 
3232 1 1529 1644 1226 
3233 1 1507 1723 1046 
3234 1 1326 1793 1726 
3235 1 262 1770 263 
3236 1 6 1733 84 
3237 1 1327 1735 1210 
3238 1 15 1808 117 
3239 1 1518 1800 1260 
3240 1 530 1737 1087 
3241 1 1116 1738 1390 
3242 1 369 1752 1239 
3243 1 1088 1727 72 
3244 1 1164 1736 1178 
3245 1 1643 1750 1304 
3246 1 50 1746 1653 
3247 1 1450 1799 1185 
3248 1 1035 1771 1470 
3249 1 1045 1761 1054 
3250 1 1332 1757 1504 
3251 1 478 1774 479 
3252 1 1286 1793 1701 
3253 1 174 1796 1402 
3254 1 1470 1771 1469 
3255 1 324 1809 325 
3256 1 1452 1757 1249 
3257 1 1705 1739 1121 
3258 1 1537 1725 1105 
3259 1 1575 1725 1302 
3260 1 1116 1772 1738 
3261 1 467 1772 1116 
3262 1 1046 1782 96 
3263 1 1272 1780 1182 
3264 1 1568 1696 286 
3265 1 305 1720 87 
3266 1 1444 1778 1129 
3267 1 1362 1803 1361 
3268 1 1043 1802 1220 
3269 1 14 1765 114 
3270 1 1303 1804 1334 
3271 1 1134 1779 202 
3272 1 1572 1640 447 
3273 1 1270 1695 1649 
3274 1 1634 1745 1515 
3275 1 1535 1691 448 
3276 1 1168 1745 1634 
3277 1 1494 1718 255 
3278 1 1310 1738 1536 
3279 1 1253 1750 1370 
3280 1 66 1793 1286 
3281 1 1551 1803 1362 
3282 1 1239 1719 1499 
3283 1 1471 1740 1324 
3284 1 1593 1658 1331 
3285 1 1595 1787 1206 
3286 1 1485 1663 343 
3287 1 358 1769 342 
3288 1 1383 1645 307 
3289 1 1165 1731 177 
3290 1 276 1639 1525 
3291 1 1558 1659 119 
3292 1 1515 1745 1274 
3293 1 1536 1672 1309 
3294 1 1481 1658 1593 
3295 1 1499 1719 422 
3296 1 1262 1746 1556 
3297 1 1278 1700 1699 
3298 1 1649 1695 1338 
3299 1 1544 1719 1239 
3300 1 1551 1665 1200 
3301 1 1443 1725 1537 
3302 1 1217 1798 1488 
3303 1 81 1751 1656 
3304 1 1587 1783 482 
3305 1 195 1596 1592 
3306 1 1270 1649 1648 
3307 1 1498 1771 1035 
3308 1 1380 1788 1498 
3309 1 1569 1670 1357 
3310 1 1549 1704 1157 
3311 1 1545 1728 130 
3312 1 1591 1744 1151 
3313 1 1354 1730 1497 
3314 1 448 1790 1535 
3315 1 1509 1797 1277 
3316 1 1273 1810 1607 
3317 1 45 1794 1695 
3318 1 1315 1743 218 
3319 1 1619 1669 1484 
3320 1 1567 1732 1142 
3321 1 1563 1697 1171 
3322 1 1522 1753 1206 
3323 1 1485 1769 357 
3324 1 1375 1784 1378 
3325 1 1378 1784 113 
3326 1 1142 1732 1548 
3327 1 1418 1717 1565 
3328 1 1564 1806 1284 
3329 1 1571 1810 414 
3330 1 1219 1773 1530 
3331 1 1301 1800 1518 
3332 1 1200 1803 1551 
3333 1 1039 1762 1526 
3334 1 1351 1768 1678 
3335 1 1536 1772 466 
3336 1 134 1728 1545 
3337 1 1528 1779 1339 
3338 1 1542 1785 1196 
3339 1 1678 1768 1415 
3340 1 1584 1744 1325 
3341 1 1595 1753 1313 
3342 1 1307 1696 1568 
3343 1 1608 1676 1091 
3344 1 1303 1698 1586 
3345 1 1328 1787 1595 
3346 1 1502 1785 316 
3347 1 1320 1756 1560 
3348 1 288 1807 1543 
3349 1 1722 1729 535 
3350 1 1560 1764 1216 
3351 1 149 1698 1621 
3352 1 1215 1712 1597 
3353 1 1535 1790 88 
3354 1 88 1790 1640 
3355 1 172 1669 1619 
3356 1 1640 1790 447 
3357 1 1633 1705 1337 
3358 1 1493 1679 83 
3359 1 1547 1734 1261 
3360 1 1197 1754 1573 
3361 1 1254 1722 1610 
3362 1 202 1779 1528 
3363 1 1586 1804 1303 
3364 1 1318 1688 1675 
3365 1 1557 1776 1323 
3366 1 1749 1809 324 
3367 1 1674 1774 1362 
3368 1 368 1759 1752 
3369 1 1656 1683 4 
3370 1 1638 1791 1392 
3371 1 1632 1726 1161 
3372 1 1726 1793 66 
3373 1 1675 1688 1055 
3374 1 179 1731 1638 
3375 1 1699 1700 1424 
3376 1 1641 1742 1288 
3377 1 1279 1763 1601 
3378 1 100 1789 1590 
3379 1 4 1683 1493 
3380 1 1277 1797 1599 
3381 1 1166 1742 1641 
3382 1 1662 1745 1168 
3383 1 355 1686 1539 
3384 1 1318 1800 1688 
3385 1 1695 1794 258 
3386 1 1738 1781 1390 
3387 1 1771 1788 1469 
3388 1 183 1758 1600 
3389 1 1498 1788 1771 
3390 1 263 1770 1755 
3391 1 1310 1781 1738 
3392 1 1688 1800 1301 
3393 1 483 1783 1673 
3394 1 1673 1783 1348 
3395 1 1653 1746 1262 
3396 1 1777 1791 1165 
3397 1 1285 1786 1756 
3398 1 426 1810 1571 
3399 1 1395 1791 1777 
3400 1 294 1683 1656 
3401 1 13 1541 113 
3402 1 28 1604 152 
3403 1 313 1620 49 
3404 1 425 1531 57 
3405 1 257 260 259 
3406 1 314 1620 315 
3407 1 376 1524 377 
3408 1 405 1412 406 
3409 1 407 1531 408 
3410 1 428 1511 429 
3411 1 430 1412 431 
3412 1 120 121 19 
3413 1 131 1532 22 
3414 1 22 1532 132 
3415 1 132 133 23 
3416 1 130 24 131 
3417 1 133 1532 24 
3418 1 25 141 148 
3419 1 43 42 228 
3420 1 229 43 228 
3421 1 52 359 358 
3422 1 400 55 397 
3423 1 368 367 56 
3424 1 367 398 56 
3425 1 537 520 65 
3426 1 85 306 86 
3427 1 86 305 87 
3428 1 86 306 305 
3429 1 200 199 389 
3430 1 389 199 390 
3431 1 388 200 389 
3432 1 222 221 348 
3433 1 221 349 348 
3434 1 229 228 227 
3435 1 230 229 227 
3436 1 270 269 282 
3437 1 271 270 281 
3438 1 270 282 281 
3439 1 272 375 273 
3440 1 272 376 375 
3441 1 274 273 374 
3442 1 273 375 374 
3443 1 321 1501 279 
3444 1 279 1708 321 
3445 1 291 290 308 
3446 1 291 308 307 
3447 1 301 300 452 
3448 1 302 301 451 
3449 1 451 301 452 
3450 1 303 302 450 
3451 1 450 302 451 
3452 1 449 303 450 
3453 1 345 344 377 
3454 1 377 344 378 
3455 1 367 366 398 
3456 1 400 397 401 
3457 1 409 408 425 
3458 1 424 409 425 
3459 1 413 412 427 
3460 1 427 412 428 
3461 1 469 458 457 
3462 1 489 543 490 
3463 1 491 490 542 
3464 1 490 543 542 
3465 1 521 520 537 
3466 1 536 521 537 
1 2 596 602 599 
2 2 599 603 596 
3 2 448 601 447 
4 2 446 601 445 
5 2 597 601 448 
6 2 445 601 600 
7 2 453 598 452 
8 2 449 597 448 
9 2 443 596 442 
10 2 451 599 450 
11 2 598 605 603 
12 2 597 602 600 
13 2 445 600 444 
14 2 605 608 603 
15 2 602 604 599 
16 2 447 601 446 
17 2 600 601 597 
18 2 599 604 450 
19 2 596 606 602 
20 2 443 606 596 
21 2 596 608 442 
22 2 451 607 599 
23 2 449 604 597 
24 2 450 604 449 
25 2 597 604 602 
26 2 441 605 440 
27 2 602 606 600 
28 2 453 609 598 
29 2 59 609 453 
30 2 444 606 443 
31 2 452 607 451 
32 2 442 608 441 
33 2 598 607 452 
34 2 599 607 603 
35 2 603 608 596 
36 2 440 609 59 
37 2 600 606 444 
38 2 603 607 598 
39 2 441 608 605 
40 2 605 609 440 
41 2 598 609 605 
42 2 308 615 307 
43 2 611 615 308 
44 2 307 615 306 
45 2 614 622 612 
46 2 313 612 312 
47 2 309 611 308 
48 2 302 614 301 
49 2 304 613 303 
50 2 311 610 310 
51 2 612 619 614 
52 2 612 622 618 
53 2 611 620 615 
54 2 306 615 305 
55 2 611 623 620 
56 2 303 616 302 
57 2 302 616 614 
58 2 613 616 303 
59 2 310 617 309 
60 2 309 617 611 
61 2 312 618 311 
62 2 610 617 310 
63 2 612 618 312 
64 2 610 621 617 
65 2 305 620 304 
66 2 311 618 610 
67 2 301 619 300 
68 2 614 619 301 
69 2 313 624 612 
70 2 49 624 313 
71 2 616 622 614 
72 2 304 620 613 
73 2 621 623 617 
74 2 621 622 616 
75 2 300 624 49 
76 2 615 620 305 
77 2 620 623 613 
78 2 613 621 616 
79 2 619 624 300 
80 2 617 623 611 
81 2 618 622 610 
82 2 610 622 621 
83 2 613 623 621 
84 2 612 624 619 
85 2 462 629 461 
86 2 626 629 462 
87 2 627 632 631 
88 2 631 634 627 
89 2 461 629 460 
90 2 455 627 454 
91 2 463 626 462 
92 2 458 628 457 
93 2 465 625 464 
94 2 627 635 632 
95 2 626 636 629 
96 2 460 629 459 
97 2 626 638 636 
98 2 457 630 456 
99 2 628 630 457 
100 2 464 633 463 
101 2 466 631 465 
102 2 463 633 626 
103 2 465 631 625 
104 2 625 633 464 
105 2 459 636 458 
106 2 467 634 466 
107 2 627 639 454 
108 2 454 639 60 
109 2 625 637 633 
110 2 456 635 455 
111 2 455 635 627 
112 2 458 636 628 
113 2 60 639 467 
114 2 629 636 459 
115 2 631 632 625 
116 2 637 638 633 
117 2 630 635 456 
118 2 632 635 630 
119 2 636 638 628 
120 2 466 634 631 
121 2 628 637 630 
122 2 630 637 632 
123 2 632 637 625 
124 2 467 639 634 
125 2 633 638 626 
126 2 634 639 627 
127 2 628 638 637 
128 2 643 646 640 
129 2 640 647 643 
130 2 252 645 251 
131 2 250 645 249 
132 2 249 645 641 
133 2 644 645 252 
134 2 245 642 244 
135 2 249 641 248 
136 2 255 640 254 
137 2 247 643 246 
138 2 647 649 642 
139 2 644 646 641 
140 2 253 644 252 
141 2 647 651 649 
142 2 643 648 646 
143 2 251 645 250 
144 2 641 645 644 
145 2 247 648 643 
146 2 646 650 640 
147 2 640 650 254 
148 2 643 652 246 
149 2 255 651 640 
150 2 641 648 248 
151 2 248 648 247 
152 2 646 648 641 
153 2 257 649 256 
154 2 644 650 646 
155 2 642 653 244 
156 2 244 653 45 
157 2 254 650 253 
158 2 256 651 255 
159 2 246 652 245 
160 2 245 652 642 
161 2 640 651 647 
162 2 647 652 643 
163 2 45 653 257 
164 2 253 650 644 
165 2 642 652 647 
166 2 649 651 256 
167 2 257 653 649 
168 2 649 653 642 
169 2 558 654 557 
170 2 556 4 5 
171 2 556 81 4 
172 2 79 654 558 
173 2 81 655 80 
174 2 556 655 81 
175 2 654 655 557 
176 2 557 655 556 
177 2 80 655 654 
178 2 80 654 79 
179 2 3 79 558 
180 2 34 658 189 
181 2 184 663 183 
182 2 660 665 656 
183 2 180 580 33 
184 2 658 660 189 
185 2 180 659 580 
186 2 656 663 660 
187 2 181 659 180 
188 2 189 660 188 
189 2 188 660 657 
190 2 181 662 659 
191 2 183 663 656 
192 2 658 665 660 
193 2 184 664 663 
194 2 188 657 187 
195 2 183 656 182 
196 2 656 662 182 
197 2 182 662 181 
198 2 578 658 34 
199 2 579 661 578 
200 2 580 659 579 
201 2 659 662 661 
202 2 578 661 658 
203 2 660 663 657 
204 2 659 661 579 
205 2 185 664 184 
206 2 186 666 185 
207 2 662 665 661 
208 2 656 665 662 
209 2 187 666 186 
210 2 657 666 187 
211 2 661 665 658 
212 2 663 664 657 
213 2 185 666 664 
214 2 664 666 657 
215 2 667 673 670 
216 2 670 674 667 
217 2 378 672 377 
218 2 376 672 375 
219 2 668 672 378 
220 2 375 672 671 
221 2 371 669 370 
222 2 379 668 378 
223 2 381 670 380 
224 2 373 667 372 
225 2 674 676 669 
226 2 668 673 671 
227 2 375 671 374 
228 2 674 678 676 
229 2 673 675 670 
230 2 377 672 376 
231 2 671 672 668 
232 2 670 675 380 
233 2 667 677 673 
234 2 373 677 667 
235 2 667 679 372 
236 2 381 678 670 
237 2 379 675 668 
238 2 380 675 379 
239 2 668 675 673 
240 2 383 676 382 
241 2 673 677 671 
242 2 669 680 370 
243 2 370 680 54 
244 2 374 677 373 
245 2 382 678 381 
246 2 372 679 371 
247 2 371 679 669 
248 2 674 679 667 
249 2 670 678 674 
250 2 54 680 383 
251 2 671 677 374 
252 2 669 679 674 
253 2 676 678 382 
254 2 383 680 676 
255 2 676 680 669 
256 2 546 686 545 
257 2 682 686 546 
258 2 545 686 544 
259 2 685 693 683 
260 2 551 683 550 
261 2 547 682 546 
262 2 540 685 539 
263 2 542 684 541 
264 2 549 681 548 
265 2 683 690 685 
266 2 683 693 689 
267 2 682 691 686 
268 2 544 686 543 
269 2 682 694 691 
270 2 541 687 540 
271 2 540 687 685 
272 2 684 687 541 
273 2 548 688 547 
274 2 547 688 682 
275 2 550 689 549 
276 2 681 688 548 
277 2 683 689 550 
278 2 681 692 688 
279 2 543 691 542 
280 2 549 689 681 
281 2 539 690 538 
282 2 685 690 539 
283 2 551 695 683 
284 2 66 695 551 
285 2 687 693 685 
286 2 542 691 684 
287 2 692 694 688 
288 2 692 693 687 
289 2 538 695 66 
290 2 686 691 543 
291 2 691 694 684 
292 2 684 692 687 
293 2 690 695 538 
294 2 688 694 682 
295 2 689 693 681 
296 2 681 693 692 
297 2 684 694 692 
298 2 683 695 690 
299 2 264 700 263 
300 2 263 700 697 
301 2 702 703 698 
302 2 698 705 702 
303 2 265 700 264 
304 2 271 698 270 
305 2 263 697 262 
306 2 268 699 267 
307 2 261 696 260 
308 2 703 706 698 
309 2 700 707 697 
310 2 266 700 265 
311 2 707 709 697 
312 2 269 701 268 
313 2 268 701 699 
314 2 262 704 261 
315 2 260 702 259 
316 2 697 704 262 
317 2 696 702 260 
318 2 261 704 696 
319 2 267 707 266 
320 2 259 705 258 
321 2 271 710 698 
322 2 46 710 271 
323 2 704 708 696 
324 2 270 706 269 
325 2 698 706 270 
326 2 699 707 267 
327 2 258 710 46 
328 2 266 707 700 
329 2 696 703 702 
330 2 704 709 708 
331 2 269 706 701 
332 2 701 706 703 
333 2 699 709 707 
334 2 702 705 259 
335 2 701 708 699 
336 2 703 708 701 
337 2 696 708 703 
338 2 705 710 258 
339 2 697 709 704 
340 2 698 710 705 
341 2 708 709 699 
342 2 711 717 714 
343 2 714 718 711 
344 2 322 716 321 
345 2 320 716 319 
346 2 712 716 322 
347 2 319 716 715 
348 2 315 713 314 
349 2 323 712 322 
350 2 325 714 324 
351 2 317 711 316 
352 2 718 720 713 
353 2 712 717 715 
354 2 319 715 318 
355 2 718 722 720 
356 2 717 719 714 
357 2 321 716 320 
358 2 715 716 712 
359 2 714 719 324 
360 2 711 721 717 
361 2 317 721 711 
362 2 711 723 316 
363 2 325 722 714 
364 2 323 719 712 
365 2 324 719 323 
366 2 712 719 717 
367 2 327 720 326 
368 2 717 721 715 
369 2 713 724 314 
370 2 314 724 50 
371 2 318 721 317 
372 2 326 722 325 
373 2 316 723 315 
374 2 315 723 713 
375 2 714 722 718 
376 2 718 723 711 
377 2 50 724 327 
378 2 715 721 318 
379 2 713 723 718 
380 2 720 722 326 
381 2 327 724 720 
382 2 720 724 713 
383 2 362 730 361 
384 2 361 730 726 
385 2 363 730 362 
386 2 727 737 729 
387 2 357 727 356 
388 2 361 726 360 
389 2 368 729 367 
390 2 366 728 365 
391 2 359 725 358 
392 2 729 734 727 
393 2 733 737 727 
394 2 730 735 726 
395 2 364 730 363 
396 2 735 738 726 
397 2 367 731 366 
398 2 729 731 367 
399 2 366 731 728 
400 2 360 732 359 
401 2 726 732 360 
402 2 358 733 357 
403 2 359 732 725 
404 2 357 733 727 
405 2 732 736 725 
406 2 365 735 364 
407 2 725 733 358 
408 2 369 734 368 
409 2 368 734 729 
410 2 727 739 356 
411 2 356 739 53 
412 2 729 737 731 
413 2 728 735 365 
414 2 732 738 736 
415 2 731 737 736 
416 2 53 739 369 
417 2 364 735 730 
418 2 728 738 735 
419 2 731 736 728 
420 2 369 739 734 
421 2 726 738 732 
422 2 725 737 733 
423 2 736 737 725 
424 2 736 738 728 
425 2 734 739 727 
426 2 743 746 740 
427 2 740 747 743 
428 2 490 745 489 
429 2 488 745 487 
430 2 487 745 741 
431 2 744 745 490 
432 2 483 742 482 
433 2 487 741 486 
434 2 493 740 492 
435 2 485 743 484 
436 2 747 749 742 
437 2 744 746 741 
438 2 491 744 490 
439 2 747 751 749 
440 2 743 748 746 
441 2 489 745 488 
442 2 741 745 744 
443 2 485 748 743 
444 2 746 750 740 
445 2 740 750 492 
446 2 493 751 740 
447 2 743 752 484 
448 2 741 748 486 
449 2 486 748 485 
450 2 746 748 741 
451 2 495 749 494 
452 2 744 750 746 
453 2 742 753 482 
454 2 482 753 62 
455 2 492 750 491 
456 2 494 751 493 
457 2 484 752 483 
458 2 483 752 742 
459 2 740 751 747 
460 2 747 752 743 
461 2 62 753 495 
462 2 491 750 744 
463 2 742 752 747 
464 2 749 751 494 
465 2 495 753 749 
466 2 749 753 742 
467 2 757 760 754 
468 2 754 761 757 
469 2 434 759 433 
470 2 432 759 431 
471 2 431 759 755 
472 2 758 759 434 
473 2 427 756 426 
474 2 431 755 430 
475 2 429 757 428 
476 2 437 754 436 
477 2 761 763 756 
478 2 758 760 755 
479 2 435 758 434 
480 2 761 765 763 
481 2 757 762 760 
482 2 433 759 432 
483 2 755 759 758 
484 2 429 762 757 
485 2 760 764 754 
486 2 754 764 436 
487 2 757 766 428 
488 2 437 765 754 
489 2 755 762 430 
490 2 430 762 429 
491 2 760 762 755 
492 2 439 763 438 
493 2 758 764 760 
494 2 756 767 426 
495 2 426 767 58 
496 2 436 764 435 
497 2 428 766 427 
498 2 438 765 437 
499 2 427 766 756 
500 2 761 766 757 
501 2 754 765 761 
502 2 58 767 439 
503 2 435 764 758 
504 2 756 766 761 
505 2 763 765 438 
506 2 439 767 763 
507 2 763 767 756 
508 2 771 774 768 
509 2 768 775 771 
510 2 392 773 391 
511 2 390 773 389 
512 2 389 773 769 
513 2 772 773 392 
514 2 385 770 384 
515 2 389 769 388 
516 2 395 768 394 
517 2 387 771 386 
518 2 775 777 770 
519 2 772 774 769 
520 2 393 772 392 
521 2 775 779 777 
522 2 771 776 774 
523 2 391 773 390 
524 2 769 773 772 
525 2 387 776 771 
526 2 774 778 768 
527 2 768 778 394 
528 2 395 779 768 
529 2 771 780 386 
530 2 769 776 388 
531 2 388 776 387 
532 2 774 776 769 
533 2 397 777 396 
534 2 772 778 774 
535 2 770 781 384 
536 2 384 781 55 
537 2 394 778 393 
538 2 396 779 395 
539 2 386 780 385 
540 2 385 780 770 
541 2 768 779 775 
542 2 775 780 771 
543 2 55 781 397 
544 2 393 778 772 
545 2 770 780 775 
546 2 777 779 396 
547 2 397 781 777 
548 2 777 781 770 
549 2 518 787 517 
550 2 783 787 518 
551 2 517 787 516 
552 2 786 794 784 
553 2 523 784 522 
554 2 519 783 518 
555 2 512 786 511 
556 2 514 785 513 
557 2 521 782 520 
558 2 784 791 786 
559 2 784 794 790 
560 2 783 792 787 
561 2 516 787 515 
562 2 783 795 792 
563 2 513 788 512 
564 2 512 788 786 
565 2 785 788 513 
566 2 520 789 519 
567 2 519 789 783 
568 2 522 790 521 
569 2 782 789 520 
570 2 784 790 522 
571 2 782 793 789 
572 2 515 792 514 
573 2 521 790 782 
574 2 511 791 510 
575 2 786 791 511 
576 2 523 796 784 
577 2 64 796 523 
578 2 788 794 786 
579 2 514 792 785 
580 2 793 795 789 
581 2 793 794 788 
582 2 510 796 64 
583 2 787 792 515 
584 2 792 795 785 
585 2 785 793 788 
586 2 791 796 510 
587 2 789 795 783 
588 2 790 794 782 
589 2 782 794 793 
590 2 785 795 793 
591 2 784 796 791 
592 2 570 37 211 
593 2 38 568 214 
594 2 212 570 211 
595 2 213 569 212 
596 2 569 570 212 
597 2 214 568 213 
598 2 568 569 213 
599 2 140 799 139 
600 2 133 805 23 
601 2 23 805 803 
602 2 799 806 139 
603 2 141 799 140 
604 2 797 801 800 
605 2 806 807 802 
606 2 134 805 24 
607 2 135 798 134 
608 2 25 799 141 
609 2 800 802 797 
610 2 591 797 590 
611 2 137 800 136 
612 2 802 807 797 
613 2 591 801 797 
614 2 800 808 804 
615 2 801 808 800 
616 2 592 801 591 
617 2 23 803 592 
618 2 798 805 134 
619 2 138 802 137 
620 2 137 802 800 
621 2 592 803 801 
622 2 590 807 25 
623 2 25 807 799 
624 2 135 804 798 
625 2 803 808 801 
626 2 136 804 135 
627 2 24 805 133 
628 2 800 804 136 
629 2 139 806 138 
630 2 803 805 798 
631 2 799 807 806 
632 2 138 806 802 
633 2 797 807 590 
634 2 804 808 798 
635 2 798 808 803 
636 2 812 813 809 
637 2 87 810 86 
638 2 810 812 86 
639 2 810 813 812 
640 2 6 84 563 
641 2 84 811 563 
642 2 88 810 87 
643 2 811 812 809 
644 2 563 811 562 
645 2 85 811 84 
646 2 85 812 811 
647 2 562 811 809 
648 2 89 810 88 
649 2 86 812 85 
650 2 562 809 561 
651 2 7 814 90 
652 2 813 814 809 
653 2 561 814 7 
654 2 90 813 89 
655 2 89 813 810 
656 2 809 814 561 
657 2 90 814 813 
658 2 172 585 30 
659 2 172 817 585 
660 2 173 818 817 
661 2 173 817 172 
662 2 817 822 815 
663 2 585 817 584 
664 2 174 818 173 
665 2 584 817 815 
666 2 174 820 818 
667 2 818 822 817 
668 2 175 820 31 
669 2 176 816 175 
670 2 816 820 175 
671 2 584 815 583 
672 2 31 820 174 
673 2 818 820 816 
674 2 32 821 177 
675 2 583 821 32 
676 2 819 821 815 
677 2 177 819 176 
678 2 176 819 816 
679 2 815 821 583 
680 2 815 822 819 
681 2 816 822 818 
682 2 177 821 819 
683 2 819 822 816 
684 2 404 827 403 
685 2 403 827 824 
686 2 829 830 825 
687 2 825 832 829 
688 2 405 827 404 
689 2 411 825 410 
690 2 403 824 402 
691 2 408 826 407 
692 2 401 823 400 
693 2 830 833 825 
694 2 827 834 824 
695 2 406 827 405 
696 2 834 836 824 
697 2 409 828 408 
698 2 408 828 826 
699 2 402 831 401 
700 2 400 829 399 
701 2 824 831 402 
702 2 823 829 400 
703 2 401 831 823 
704 2 407 834 406 
705 2 399 832 398 
706 2 411 837 825 
707 2 56 837 411 
708 2 831 835 823 
709 2 410 833 409 
710 2 825 833 410 
711 2 826 834 407 
712 2 398 837 56 
713 2 406 834 827 
714 2 823 830 829 
715 2 831 836 835 
716 2 409 833 828 
717 2 828 833 830 
718 2 826 836 834 
719 2 829 832 399 
720 2 828 835 826 
721 2 830 835 828 
722 2 823 835 830 
723 2 832 837 398 
724 2 824 836 831 
725 2 825 837 832 
726 2 835 836 826 
727 2 841 844 838 
728 2 838 845 841 
729 2 336 843 335 
730 2 334 843 333 
731 2 333 843 839 
732 2 842 843 336 
733 2 329 840 328 
734 2 333 839 332 
735 2 339 838 338 
736 2 331 841 330 
737 2 845 847 840 
738 2 842 844 839 
739 2 337 842 336 
740 2 845 849 847 
741 2 841 846 844 
742 2 335 843 334 
743 2 839 843 842 
744 2 331 846 841 
745 2 844 848 838 
746 2 838 848 338 
747 2 339 849 838 
748 2 841 850 330 
749 2 839 846 332 
750 2 332 846 331 
751 2 844 846 839 
752 2 341 847 340 
753 2 842 848 844 
754 2 840 851 328 
755 2 328 851 51 
756 2 338 848 337 
757 2 340 849 339 
758 2 330 850 329 
759 2 329 850 840 
760 2 838 849 845 
761 2 845 850 841 
762 2 51 851 341 
763 2 337 848 842 
764 2 840 850 845 
765 2 847 849 340 
766 2 341 851 847 
767 2 847 851 840 
768 2 474 857 473 
769 2 473 857 853 
770 2 475 857 474 
771 2 854 864 856 
772 2 469 854 468 
773 2 473 853 472 
774 2 480 856 479 
775 2 478 855 477 
776 2 471 852 470 
777 2 856 861 854 
778 2 860 864 854 
779 2 857 862 853 
780 2 476 857 475 
781 2 862 865 853 
782 2 479 858 478 
783 2 856 858 479 
784 2 478 858 855 
785 2 472 859 471 
786 2 853 859 472 
787 2 470 860 469 
788 2 471 859 852 
789 2 469 860 854 
790 2 859 863 852 
791 2 477 862 476 
792 2 852 860 470 
793 2 481 861 480 
794 2 480 861 856 
795 2 854 866 468 
796 2 468 866 61 
797 2 856 864 858 
798 2 855 862 477 
799 2 859 865 863 
800 2 858 864 863 
801 2 61 866 481 
802 2 476 862 857 
803 2 855 865 862 
804 2 858 863 855 
805 2 481 866 861 
806 2 853 865 859 
807 2 852 864 860 
808 2 863 864 852 
809 2 863 865 855 
810 2 861 866 854 
811 2 40 564 218 
812 2 217 867 565 
813 2 217 565 216 
814 2 218 867 217 
815 2 565 39 216 
816 2 565 867 564 
817 2 564 867 218 
818 2 875 878 877 
819 2 877 878 869 
820 2 875 876 874 
821 2 871 876 875 
822 2 872 877 869 
823 2 869 880 872 
824 2 121 873 20 
825 2 868 873 121 
826 2 127 872 126 
827 2 129 871 128 
828 2 122 868 121 
829 2 124 869 123 
830 2 874 879 870 
831 2 20 873 587 
832 2 587 870 586 
833 2 868 874 873 
834 2 587 873 870 
835 2 873 874 870 
836 2 876 879 874 
837 2 22 882 131 
838 2 129 876 871 
839 2 130 876 129 
840 2 868 875 874 
841 2 586 882 22 
842 2 125 880 124 
843 2 21 883 125 
844 2 123 878 122 
845 2 124 880 869 
846 2 869 878 123 
847 2 131 879 130 
848 2 122 878 868 
849 2 871 881 128 
850 2 868 878 875 
851 2 875 877 871 
852 2 126 883 21 
853 2 127 881 872 
854 2 872 883 126 
855 2 125 883 880 
856 2 128 881 127 
857 2 872 881 877 
858 2 877 881 871 
859 2 130 879 876 
860 2 870 882 586 
861 2 131 882 879 
862 2 879 882 870 
863 2 880 883 872 
864 2 502 889 501 
865 2 501 889 885 
866 2 503 889 502 
867 2 886 896 888 
868 2 497 886 496 
869 2 501 885 500 
870 2 508 888 507 
871 2 506 887 505 
872 2 499 884 498 
873 2 888 893 886 
874 2 892 896 886 
875 2 889 894 885 
876 2 504 889 503 
877 2 894 897 885 
878 2 507 890 506 
879 2 888 890 507 
880 2 506 890 887 
881 2 500 891 499 
882 2 885 891 500 
883 2 498 892 497 
884 2 499 891 884 
885 2 497 892 886 
886 2 891 895 884 
887 2 505 894 504 
888 2 884 892 498 
889 2 509 893 508 
890 2 508 893 888 
891 2 886 898 496 
892 2 496 898 63 
893 2 888 896 890 
894 2 887 894 505 
895 2 891 897 895 
896 2 890 896 895 
897 2 63 898 509 
898 2 504 894 889 
899 2 887 897 894 
900 2 890 895 887 
901 2 509 898 893 
902 2 885 897 891 
903 2 884 896 892 
904 2 895 896 884 
905 2 895 897 887 
906 2 893 898 886 
907 2 902 905 220 
908 2 904 906 900 
909 2 902 906 904 
910 2 899 904 903 
911 2 223 901 222 
912 2 225 901 224 
913 2 220 905 219 
914 2 903 907 899 
915 2 227 900 226 
916 2 221 902 220 
917 2 904 905 902 
918 2 224 901 223 
919 2 560 899 559 
920 2 901 910 222 
921 2 225 909 901 
922 2 899 905 904 
923 2 42 907 228 
924 2 559 907 42 
925 2 227 903 900 
926 2 228 903 227 
927 2 219 908 41 
928 2 560 908 899 
929 2 900 909 226 
930 2 221 910 902 
931 2 899 907 559 
932 2 903 904 900 
933 2 899 908 905 
934 2 226 909 225 
935 2 222 910 221 
936 2 906 910 901 
937 2 901 909 906 
938 2 41 908 560 
939 2 906 909 900 
940 2 902 910 906 
941 2 228 907 903 
942 2 905 908 219 
943 2 581 120 19 
944 2 17 119 582 
945 2 119 911 582 
946 2 581 911 120 
947 2 18 911 119 
948 2 120 911 18 
949 2 582 911 581 
950 2 913 915 912 
951 2 229 913 555 
952 2 912 916 913 
953 2 912 915 914 
954 2 555 43 229 
955 2 914 917 912 
956 2 913 916 555 
957 2 555 916 554 
958 2 232 914 231 
959 2 236 912 235 
960 2 230 913 229 
961 2 232 919 914 
962 2 233 919 232 
963 2 231 915 230 
964 2 914 915 231 
965 2 236 918 912 
966 2 912 917 235 
967 2 230 915 913 
968 2 235 917 234 
969 2 554 918 44 
970 2 234 919 233 
971 2 44 918 236 
972 2 912 918 916 
973 2 916 918 554 
974 2 917 919 234 
975 2 914 919 917 
976 2 14 114 577 
977 2 114 922 577 
978 2 116 920 115 
979 2 118 921 117 
980 2 576 925 16 
981 2 15 924 116 
982 2 117 924 15 
983 2 116 924 920 
984 2 577 923 576 
985 2 115 922 114 
986 2 16 925 118 
987 2 921 925 923 
988 2 921 923 920 
989 2 920 922 115 
990 2 922 923 577 
991 2 921 924 117 
992 2 923 925 576 
993 2 920 924 921 
994 2 118 925 921 
995 2 920 923 922 
996 2 280 931 279 
997 2 927 931 280 
998 2 279 931 278 
999 2 930 938 928 
1000 2 285 928 284 
1001 2 281 927 280 
1002 2 274 930 273 
1003 2 276 929 275 
1004 2 283 926 282 
1005 2 928 935 930 
1006 2 928 938 934 
1007 2 927 936 931 
1008 2 278 931 277 
1009 2 927 939 936 
1010 2 275 932 274 
1011 2 274 932 930 
1012 2 929 932 275 
1013 2 282 933 281 
1014 2 281 933 927 
1015 2 284 934 283 
1016 2 926 933 282 
1017 2 928 934 284 
1018 2 926 937 933 
1019 2 277 936 276 
1020 2 283 934 926 
1021 2 273 935 272 
1022 2 930 935 273 
1023 2 285 940 928 
1024 2 47 940 285 
1025 2 932 938 930 
1026 2 276 936 929 
1027 2 937 939 933 
1028 2 937 938 932 
1029 2 272 940 47 
1030 2 931 936 277 
1031 2 936 939 929 
1032 2 929 937 932 
1033 2 935 940 272 
1034 2 933 939 927 
1035 2 934 938 926 
1036 2 926 938 937 
1037 2 929 939 937 
1038 2 928 940 935 
1039 2 941 947 944 
1040 2 944 948 941 
1041 2 532 946 531 
1042 2 530 946 529 
1043 2 942 946 532 
1044 2 529 946 945 
1045 2 537 943 536 
1046 2 533 942 532 
1047 2 527 941 526 
1048 2 535 944 534 
1049 2 943 950 948 
1050 2 942 947 945 
1051 2 529 945 528 
1052 2 950 953 948 
1053 2 947 949 944 
1054 2 531 946 530 
1055 2 945 946 942 
1056 2 944 949 534 
1057 2 941 951 947 
1058 2 527 951 941 
1059 2 941 953 526 
1060 2 535 952 944 
1061 2 533 949 942 
1062 2 534 949 533 
1063 2 942 949 947 
1064 2 525 950 524 
1065 2 947 951 945 
1066 2 537 954 943 
1067 2 65 954 537 
1068 2 528 951 527 
1069 2 536 952 535 
1070 2 526 953 525 
1071 2 943 952 536 
1072 2 948 953 941 
1073 2 944 952 948 
1074 2 524 954 65 
1075 2 945 951 528 
1076 2 948 952 943 
1077 2 525 953 950 
1078 2 950 954 524 
1079 2 943 954 950 
1080 2 955 961 958 
1081 2 958 962 955 
1082 2 294 960 293 
1083 2 292 960 291 
1084 2 956 960 294 
1085 2 291 960 959 
1086 2 287 957 286 
1087 2 295 956 294 
1088 2 297 958 296 
1089 2 289 955 288 
1090 2 962 964 957 
1091 2 956 961 959 
1092 2 291 959 290 
1093 2 962 966 964 
1094 2 961 963 958 
1095 2 293 960 292 
1096 2 959 960 956 
1097 2 958 963 296 
1098 2 955 965 961 
1099 2 289 965 955 
1100 2 955 967 288 
1101 2 297 966 958 
1102 2 295 963 956 
1103 2 296 963 295 
1104 2 956 963 961 
1105 2 299 964 298 
1106 2 961 965 959 
1107 2 957 968 286 
1108 2 286 968 48 
1109 2 290 965 289 
1110 2 298 966 297 
1111 2 288 967 287 
1112 2 287 967 957 
1113 2 958 966 962 
1114 2 962 967 955 
1115 2 48 968 299 
1116 2 959 965 290 
1117 2 957 967 962 
1118 2 964 966 298 
1119 2 299 968 964 
1120 2 964 968 957 
1121 2 67 969 552 
1122 2 2 552 71 
1123 2 552 969 71 
1124 2 553 969 67 
1125 2 553 1 71 
1126 2 71 969 553 
1127 2 13 971 12 
1128 2 106 970 11 
1129 2 571 971 13 
1130 2 12 971 106 
1131 2 68 970 571 
1132 2 106 971 970 
1133 2 970 971 571 
1134 2 11 970 68 
1135 2 972 975 573 
1136 2 972 978 976 
1137 2 573 975 36 
1138 2 976 977 972 
1139 2 976 978 974 
1140 2 972 977 975 
1141 2 35 974 572 
1142 2 197 974 35 
1143 2 36 975 203 
1144 2 200 973 199 
1145 2 975 977 973 
1146 2 574 972 573 
1147 2 973 979 975 
1148 2 976 981 977 
1149 2 974 980 572 
1150 2 202 982 201 
1151 2 69 980 575 
1152 2 572 980 69 
1153 2 574 978 972 
1154 2 197 976 974 
1155 2 979 982 202 
1156 2 198 976 197 
1157 2 203 979 202 
1158 2 975 979 203 
1159 2 575 978 574 
1160 2 973 981 199 
1161 2 199 981 198 
1162 2 201 982 200 
1163 2 200 982 973 
1164 2 198 981 976 
1165 2 977 981 973 
1166 2 575 980 978 
1167 2 978 980 974 
1168 2 973 982 979 
1169 2 595 983 594 
1170 2 70 984 27 
1171 2 149 983 595 
1172 2 594 983 150 
1173 2 151 985 150 
1174 2 27 984 151 
1175 2 594 985 593 
1176 2 593 984 70 
1177 2 593 985 984 
1178 2 984 985 151 
1179 2 150 985 594 
1180 2 150 983 149 
1181 2 26 149 595 
1182 2 420 990 419 
1183 2 987 990 420 
1184 2 988 993 992 
1185 2 992 995 988 
1186 2 419 990 418 
1187 2 413 988 412 
1188 2 421 987 420 
1189 2 416 989 415 
1190 2 423 986 422 
1191 2 988 996 993 
1192 2 987 997 990 
1193 2 418 990 417 
1194 2 987 999 997 
1195 2 415 991 414 
1196 2 989 991 415 
1197 2 422 994 421 
1198 2 424 992 423 
1199 2 421 994 987 
1200 2 423 992 986 
1201 2 986 994 422 
1202 2 417 997 416 
1203 2 425 995 424 
1204 2 988 1000 412 
1205 2 412 1000 57 
1206 2 986 998 994 
1207 2 414 996 413 
1208 2 413 996 988 
1209 2 416 997 989 
1210 2 57 1000 425 
1211 2 990 997 417 
1212 2 992 993 986 
1213 2 998 999 994 
1214 2 991 996 414 
1215 2 993 996 991 
1216 2 997 999 989 
1217 2 424 995 992 
1218 2 989 998 991 
1219 2 991 998 993 
1220 2 993 998 986 
1221 2 425 1000 995 
1222 2 994 999 987 
1223 2 995 1000 988 
1224 2 989 999 998 
1225 2 566 1001 105 
1226 2 1001 1002 105 
1227 2 105 1002 104 
1228 2 10 566 105 
1229 2 8 102 567 
1230 2 102 1003 567 
1231 2 567 1001 566 
1232 2 567 1003 1001 
1233 2 9 1002 103 
1234 2 1002 1003 103 
1235 2 103 1003 102 
1236 2 104 1002 9 
1237 2 1001 1003 1002 
1238 2 1005 1011 1006 
1239 2 1006 1010 1005 
1240 2 1009 1011 1005 
1241 2 1008 1011 1004 
1242 2 589 1004 588 
1243 2 158 1005 157 
1244 2 154 1006 153 
1245 2 160 1007 159 
1246 2 1004 1013 1008 
1247 2 1006 1011 1008 
1248 2 153 1008 152 
1249 2 1006 1008 153 
1250 2 589 1013 1004 
1251 2 1004 1012 588 
1252 2 155 1010 154 
1253 2 159 1009 158 
1254 2 588 1012 29 
1255 2 28 1013 589 
1256 2 158 1009 1005 
1257 2 154 1010 1006 
1258 2 29 1012 160 
1259 2 1004 1011 1007 
1260 2 152 1013 28 
1261 2 1005 1014 157 
1262 2 157 1014 156 
1263 2 1007 1012 1004 
1264 2 156 1014 155 
1265 2 1007 1009 159 
1266 2 160 1012 1007 
1267 2 155 1014 1010 
1268 2 1007 1011 1009 
1269 2 1008 1013 152 
1270 2 1010 1014 1005 
1271 2 348 1020 347 
1272 2 347 1020 1016 
1273 2 349 1020 348 
1274 2 1017 1027 1019 
1275 2 343 1017 342 
1276 2 347 1016 346 
1277 2 354 1019 353 
1278 2 352 1018 351 
1279 2 345 1015 344 
1280 2 1019 1024 1017 
1281 2 1023 1027 1017 
1282 2 1020 1025 1016 
1283 2 350 1020 349 
1284 2 1025 1028 1016 
1285 2 353 1021 352 
1286 2 1019 1021 353 
1287 2 352 1021 1018 
1288 2 346 1022 345 
1289 2 1016 1022 346 
1290 2 344 1023 343 
1291 2 345 1022 1015 
1292 2 343 1023 1017 
1293 2 1022 1026 1015 
1294 2 351 1025 350 
1295 2 1015 1023 344 
1296 2 355 1024 354 
1297 2 354 1024 1019 
1298 2 1017 1029 342 
1299 2 342 1029 52 
1300 2 1019 1027 1021 
1301 2 1018 1025 351 
1302 2 1022 1028 1026 
1303 2 1021 1027 1026 
1304 2 52 1029 355 
1305 2 350 1025 1020 
1306 2 1018 1028 1025 
1307 2 1021 1026 1018 
1308 2 355 1029 1024 
1309 2 1016 1028 1022 
1310 2 1015 1027 1023 
1311 2 1026 1027 1015 
1312 2 1026 1028 1018 
1313 2 1024 1029 1017 
